packaging_path,gcms_path,label,prediction_prob,prediction_label
/media/ntu/volume1/home/s124md306_06/project_cn/data/第1轮/18/微信图片_20240930193205.jpg,/media/ntu/volume1/home/s124md306_06/project_cn/processed_gcms/第1轮/18/18_p0.png,1,0.22169816,0
/media/ntu/volume1/home/s124md306_06/project_cn/data/第2轮/35/IMG_6916.jpg,/media/ntu/volume1/home/s124md306_06/project_cn/processed_gcms/第1轮/28/28_p0.png,0,0.022344325,0
/media/ntu/volume1/home/s124md306_06/project_cn/data/第3轮/62/IMG_6989.jpg,/media/ntu/volume1/home/s124md306_06/project_cn/processed_gcms/第3轮/62/62_p0.png,1,0.22284046,0
/media/ntu/volume1/home/s124md306_06/project_cn/data/第1轮/25/微信图片_20240930193443.jpg,/media/ntu/volume1/home/s124md306_06/project_cn/processed_gcms/第1轮/25/25_p0.png,1,0.0003638876,0
/media/ntu/volume1/home/s124md306_06/project_cn/data/第3轮/63/IMG_6993.jpg,/media/ntu/volume1/home/s124md306_06/project_cn/processed_gcms/第1轮/25/25_p0.png,0,4.9991795e-05,0
/media/ntu/volume1/home/s124md306_06/project_cn/data/第1轮/28/微信图片_20240930193622.jpg,/media/ntu/volume1/home/s124md306_06/project_cn/processed_gcms/第1轮/28/28_p0.png,1,0.99999523,1
/media/ntu/volume1/home/s124md306_06/project_cn/data/第1轮/22/微信图片_20240930193349.jpg,/media/ntu/volume1/home/s124md306_06/project_cn/processed_gcms/第2轮/31/31_p0.png,0,0.999734,1
/media/ntu/volume1/home/s124md306_06/project_cn/data/第3轮/61/IMG_7014.jpg,/media/ntu/volume1/home/s124md306_06/project_cn/processed_gcms/第3轮/61/61_p0.png,1,0.9954086,1
/media/ntu/volume1/home/s124md306_06/project_cn/data/第3轮/59/IMG_6972.jpg,/media/ntu/volume1/home/s124md306_06/project_cn/processed_gcms/第3轮/59/59_p0.png,1,0.9705959,1
/media/ntu/volume1/home/s124md306_06/project_cn/data/第3轮/66/IMG_7004.jpg,/media/ntu/volume1/home/s124md306_06/project_cn/processed_gcms/第3轮/66/66_p0.png,1,0.001636811,0
/media/ntu/volume1/home/s124md306_06/project_cn/data/第2轮/39/IMG_6926.jpg,/media/ntu/volume1/home/s124md306_06/project_cn/processed_gcms/第2轮/39/39_p0.png,1,0.9421148,1
/media/ntu/volume1/home/s124md306_06/project_cn/data/第1轮/26/微信图片_20240930193505.jpg,/media/ntu/volume1/home/s124md306_06/project_cn/processed_gcms/第1轮/26/26_p0.png,1,0.8319388,1
/media/ntu/volume1/home/s124md306_06/project_cn/data/第1轮/23/微信图片_20240930193413.jpg,/media/ntu/volume1/home/s124md306_06/project_cn/processed_gcms/第1轮/28/28_p0.png,0,0.6608548,0
/media/ntu/volume1/home/s124md306_06/project_cn/data/第1轮/1/微信图片_20240930124247.jpg,/media/ntu/volume1/home/s124md306_06/project_cn/processed_gcms/第1轮/6/6_p0.png,0,0.99975663,1
/media/ntu/volume1/home/s124md306_06/project_cn/data/第2轮/33/IMG_6912.jpg,/media/ntu/volume1/home/s124md306_06/project_cn/processed_gcms/第2轮/33/33-2_p0.png,1,0.9274226,1
/media/ntu/volume1/home/s124md306_06/project_cn/data/第2轮/38/IMG_6925.jpg,/media/ntu/volume1/home/s124md306_06/project_cn/processed_gcms/第2轮/38/38-2_p0.png,1,0.996366,1
/media/ntu/volume1/home/s124md306_06/project_cn/data/第3轮/51/IMG_6950.jpg,/media/ntu/volume1/home/s124md306_06/project_cn/processed_gcms/第1轮/22/22_p0.png,0,0.744204,1
/media/ntu/volume1/home/s124md306_06/project_cn/data/第1轮/11/微信图片_20240930124556.jpg,/media/ntu/volume1/home/s124md306_06/project_cn/processed_gcms/第3轮/62/62_p1.png,0,0.22583391,0
/media/ntu/volume1/home/s124md306_06/project_cn/data/第2轮/31/IMG_6904.jpg,/media/ntu/volume1/home/s124md306_06/project_cn/processed_gcms/第2轮/31/31_p0.png,1,0.00061986555,0
/media/ntu/volume1/home/s124md306_06/project_cn/data/第2轮/35/IMG_6917.jpg,/media/ntu/volume1/home/s124md306_06/project_cn/processed_gcms/第2轮/36/36-2_p0.png,0,0.62877357,0
/media/ntu/volume1/home/s124md306_06/project_cn/data/第3轮/60/IMG_6979.jpg,/media/ntu/volume1/home/s124md306_06/project_cn/processed_gcms/第3轮/60/60_p0.png,1,0.99958557,1
/media/ntu/volume1/home/s124md306_06/project_cn/data/第1轮/14/微信图片_20240930193052.jpg,/media/ntu/volume1/home/s124md306_06/project_cn/processed_gcms/第1轮/14/14_p0.png,1,0.9997336,1
/media/ntu/volume1/home/s124md306_06/project_cn/data/第2轮/38/IMG_6923.jpg,/media/ntu/volume1/home/s124md306_06/project_cn/processed_gcms/第3轮/59/59_p0.png,0,0.99991584,1
/media/ntu/volume1/home/s124md306_06/project_cn/data/第3轮/59/IMG_6972.jpg,/media/ntu/volume1/home/s124md306_06/project_cn/processed_gcms/第3轮/59/59_p1.png,1,0.4689863,0
/media/ntu/volume1/home/s124md306_06/project_cn/data/第1轮/10/微信图片_20240930124537.jpg,/media/ntu/volume1/home/s124md306_06/project_cn/processed_gcms/第3轮/60/60_p0.png,0,0.86474246,1
/media/ntu/volume1/home/s124md306_06/project_cn/data/第2轮/40/IMG_6929.jpg,/media/ntu/volume1/home/s124md306_06/project_cn/processed_gcms/第1轮/7/7_p0.png,0,0.15743811,0
/media/ntu/volume1/home/s124md306_06/project_cn/data/第1轮/13/微信图片_20240930193034.jpg,/media/ntu/volume1/home/s124md306_06/project_cn/processed_gcms/第1轮/2/2_p0.png,0,0.8521441,1
/media/ntu/volume1/home/s124md306_06/project_cn/data/第3轮/53/IMG_6955.jpg,/media/ntu/volume1/home/s124md306_06/project_cn/processed_gcms/第3轮/53/53_p0.png,1,0.9874507,1
/media/ntu/volume1/home/s124md306_06/project_cn/data/第2轮/31/IMG_6905.jpg,/media/ntu/volume1/home/s124md306_06/project_cn/processed_gcms/第2轮/31/31-2_p0.png,1,0.48090926,0
/media/ntu/volume1/home/s124md306_06/project_cn/data/第1轮/13/微信图片_20240930193029.jpg,/media/ntu/volume1/home/s124md306_06/project_cn/processed_gcms/第1轮/13/13_p0.png,1,0.5861407,0
/media/ntu/volume1/home/s124md306_06/project_cn/data/第1轮/5/微信图片_20240930193004.jpg,/media/ntu/volume1/home/s124md306_06/project_cn/processed_gcms/第1轮/5/5_p0.png,1,0.99999404,1
/media/ntu/volume1/home/s124md306_06/project_cn/data/第3轮/55/IMG_6961.jpg,/media/ntu/volume1/home/s124md306_06/project_cn/processed_gcms/第1轮/3/3_p0.png,0,0.27534187,0
/media/ntu/volume1/home/s124md306_06/project_cn/data/第2轮/31/IMG_6906.jpg,/media/ntu/volume1/home/s124md306_06/project_cn/processed_gcms/第2轮/31/31-2_p0.png,1,0.99999464,1
/media/ntu/volume1/home/s124md306_06/project_cn/data/第1轮/17/微信图片_20240930193139.jpg,/media/ntu/volume1/home/s124md306_06/project_cn/processed_gcms/第1轮/17/17_p0.png,1,0.9997608,1
/media/ntu/volume1/home/s124md306_06/project_cn/data/第2轮/39/IMG_6928.jpg,/media/ntu/volume1/home/s124md306_06/project_cn/processed_gcms/第3轮/58/58_p0.png,0,0.18854778,0
/media/ntu/volume1/home/s124md306_06/project_cn/data/第2轮/38/IMG_6924.jpg,/media/ntu/volume1/home/s124md306_06/project_cn/processed_gcms/第2轮/38/38_p0.png,1,0.2953614,0
/media/ntu/volume1/home/s124md306_06/project_cn/data/第1轮/28/微信图片_20240930193637.jpg,/media/ntu/volume1/home/s124md306_06/project_cn/processed_gcms/第2轮/39/39-2_p1.png,0,0.99939954,1
/media/ntu/volume1/home/s124md306_06/project_cn/data/第1轮/6/微信图片_20240930124420.jpg,/media/ntu/volume1/home/s124md306_06/project_cn/processed_gcms/第1轮/27/27_p0.png,0,0.9105625,1
/media/ntu/volume1/home/s124md306_06/project_cn/data/第3轮/67/IMG_7008.jpg,/media/ntu/volume1/home/s124md306_06/project_cn/processed_gcms/第3轮/67/67_p0.png,1,0.0020137634,0
/media/ntu/volume1/home/s124md306_06/project_cn/data/第1轮/24/微信图片_20240930193419.jpg,/media/ntu/volume1/home/s124md306_06/project_cn/processed_gcms/第1轮/24/24_p0.png,1,0.99999535,1
/media/ntu/volume1/home/s124md306_06/project_cn/data/第3轮/55/IMG_6962.jpg,/media/ntu/volume1/home/s124md306_06/project_cn/processed_gcms/第3轮/55/55_p0.png,1,0.9941117,1
/media/ntu/volume1/home/s124md306_06/project_cn/data/第3轮/51/IMG_6948.jpg,/media/ntu/volume1/home/s124md306_06/project_cn/processed_gcms/第3轮/51/51_p0.png,1,0.6664368,0
/media/ntu/volume1/home/s124md306_06/project_cn/data/第3轮/54/IMG_6959.jpg,/media/ntu/volume1/home/s124md306_06/project_cn/processed_gcms/第1轮/5/5_p0.png,0,0.22234297,0
/media/ntu/volume1/home/s124md306_06/project_cn/data/第2轮/36/IMG_6918.jpg,/media/ntu/volume1/home/s124md306_06/project_cn/processed_gcms/第2轮/37/37-2_p1.png,0,0.0017631239,0
/media/ntu/volume1/home/s124md306_06/project_cn/data/第3轮/66/IMG_7003.jpg,/media/ntu/volume1/home/s124md306_06/project_cn/processed_gcms/第1轮/26/26_p1.png,0,0.6313204,0
/media/ntu/volume1/home/s124md306_06/project_cn/data/第3轮/60/IMG_6978.jpg,/media/ntu/volume1/home/s124md306_06/project_cn/processed_gcms/第1轮/23/23_p0.png,0,0.42387292,0
/media/ntu/volume1/home/s124md306_06/project_cn/data/第3轮/58/IMG_6971.jpg,/media/ntu/volume1/home/s124md306_06/project_cn/processed_gcms/第3轮/58/58_p0.png,1,0.99076605,1
/media/ntu/volume1/home/s124md306_06/project_cn/data/第1轮/16/微信图片_20240930193126.jpg,/media/ntu/volume1/home/s124md306_06/project_cn/processed_gcms/第1轮/16/16_p0.png,1,0.99999726,1
/media/ntu/volume1/home/s124md306_06/project_cn/data/第3轮/52/IMG_6951.jpg,/media/ntu/volume1/home/s124md306_06/project_cn/processed_gcms/第1轮/2/2_p0.png,0,0.9158798,1
/media/ntu/volume1/home/s124md306_06/project_cn/data/第1轮/9/微信图片_20240930124508.jpg,/media/ntu/volume1/home/s124md306_06/project_cn/processed_gcms/第1轮/9/9_p0.png,1,0.868782,1
/media/ntu/volume1/home/s124md306_06/project_cn/data/第3轮/56/IMG_6963.jpg,/media/ntu/volume1/home/s124md306_06/project_cn/processed_gcms/第2轮/37/37-2_p1.png,0,0.00087423774,0
/media/ntu/volume1/home/s124md306_06/project_cn/data/第1轮/15/微信图片_20240930193057.jpg,/media/ntu/volume1/home/s124md306_06/project_cn/processed_gcms/第3轮/56/56_p0.png,0,0.08918773,0
/media/ntu/volume1/home/s124md306_06/project_cn/data/第3轮/62/IMG_6990.jpg,/media/ntu/volume1/home/s124md306_06/project_cn/processed_gcms/第1轮/5/5_p0.png,0,0.00019018778,0
/media/ntu/volume1/home/s124md306_06/project_cn/data/第2轮/33/IMG_6910.jpg,/media/ntu/volume1/home/s124md306_06/project_cn/processed_gcms/第2轮/33/33_p0.png,1,0.99618185,1
/media/ntu/volume1/home/s124md306_06/project_cn/data/第1轮/1/微信图片_20240930124227.jpg,/media/ntu/volume1/home/s124md306_06/project_cn/processed_gcms/第3轮/55/55_p0.png,0,0.16837853,0
/media/ntu/volume1/home/s124md306_06/project_cn/data/第1轮/28/微信图片_20240930193622.jpg,/media/ntu/volume1/home/s124md306_06/project_cn/processed_gcms/第1轮/21/21_p0.png,0,0.999736,1
/media/ntu/volume1/home/s124md306_06/project_cn/data/第3轮/62/IMG_6991.jpg,/media/ntu/volume1/home/s124md306_06/project_cn/processed_gcms/第3轮/62/62_p1.png,1,0.21023238,0
/media/ntu/volume1/home/s124md306_06/project_cn/data/第1轮/8/微信图片_20240930124456.jpg,/media/ntu/volume1/home/s124md306_06/project_cn/processed_gcms/第1轮/8/8_p0.png,1,0.99997985,1
/media/ntu/volume1/home/s124md306_06/project_cn/data/第1轮/27/微信图片_20240930193549.jpg,/media/ntu/volume1/home/s124md306_06/project_cn/processed_gcms/第1轮/18/18_p0.png,0,0.9999901,1
/media/ntu/volume1/home/s124md306_06/project_cn/data/第3轮/62/IMG_6990.jpg,/media/ntu/volume1/home/s124md306_06/project_cn/processed_gcms/第3轮/62/62_p0.png,1,0.9449228,1
/media/ntu/volume1/home/s124md306_06/project_cn/data/第3轮/60/IMG_6979.jpg,/media/ntu/volume1/home/s124md306_06/project_cn/processed_gcms/第1轮/18/18_p0.png,0,1.0981259e-05,0
/media/ntu/volume1/home/s124md306_06/project_cn/data/第3轮/67/IMG_7008.jpg,/media/ntu/volume1/home/s124md306_06/project_cn/processed_gcms/第3轮/67/67_p1.png,1,0.006569095,0
/media/ntu/volume1/home/s124md306_06/project_cn/data/第3轮/58/IMG_6970.jpg,/media/ntu/volume1/home/s124md306_06/project_cn/processed_gcms/第2轮/37/37-2_p0.png,0,0.97605747,1
/media/ntu/volume1/home/s124md306_06/project_cn/data/第3轮/52/IMG_6951.jpg,/media/ntu/volume1/home/s124md306_06/project_cn/processed_gcms/第3轮/52/52_p0.png,1,0.9833097,1
/media/ntu/volume1/home/s124md306_06/project_cn/data/第1轮/7/微信图片_20240930124424.jpg,/media/ntu/volume1/home/s124md306_06/project_cn/processed_gcms/第1轮/7/7_p0.png,1,0.0026856358,0
/media/ntu/volume1/home/s124md306_06/project_cn/data/第3轮/52/IMG_6953.jpg,/media/ntu/volume1/home/s124md306_06/project_cn/processed_gcms/第3轮/52/52_p0.png,1,0.11514276,0
/media/ntu/volume1/home/s124md306_06/project_cn/data/第3轮/57/IMG_6966.jpg,/media/ntu/volume1/home/s124md306_06/project_cn/processed_gcms/第1轮/14/14_p0.png,0,6.9124497e-09,0
/media/ntu/volume1/home/s124md306_06/project_cn/data/第1轮/8/微信图片_20240930124443.jpg,/media/ntu/volume1/home/s124md306_06/project_cn/processed_gcms/第3轮/57/57_p1.png,0,2.8880192e-09,0
/media/ntu/volume1/home/s124md306_06/project_cn/data/第2轮/37/IMG_6920.jpg,/media/ntu/volume1/home/s124md306_06/project_cn/processed_gcms/第1轮/3/3_p0.png,0,0.0050660707,0
/media/ntu/volume1/home/s124md306_06/project_cn/data/第3轮/52/IMG_6953.jpg,/media/ntu/volume1/home/s124md306_06/project_cn/processed_gcms/第1轮/26/26_p0.png,0,0.35590416,0
/media/ntu/volume1/home/s124md306_06/project_cn/data/第3轮/68/IMG_7011.jpg,/media/ntu/volume1/home/s124md306_06/project_cn/processed_gcms/第3轮/60/60_p1.png,0,0.43385467,0
/media/ntu/volume1/home/s124md306_06/project_cn/data/第1轮/25/微信图片_20240930193455.jpg,/media/ntu/volume1/home/s124md306_06/project_cn/processed_gcms/第1轮/19/19_p0.png,0,2.11089e-09,0
/media/ntu/volume1/home/s124md306_06/project_cn/data/第1轮/5/微信图片_20240930192955.jpg,/media/ntu/volume1/home/s124md306_06/project_cn/processed_gcms/第2轮/32/32_p0.png,0,0.90842783,1
/media/ntu/volume1/home/s124md306_06/project_cn/data/第2轮/33/IMG_6912.jpg,/media/ntu/volume1/home/s124md306_06/project_cn/processed_gcms/第1轮/17/17_p0.png,0,0.9999914,1
/media/ntu/volume1/home/s124md306_06/project_cn/data/第1轮/15/微信图片_20240930193109.jpg,/media/ntu/volume1/home/s124md306_06/project_cn/processed_gcms/第2轮/31/31-2_p0.png,0,0.99992454,1
/media/ntu/volume1/home/s124md306_06/project_cn/data/第3轮/63/IMG_6993.jpg,/media/ntu/volume1/home/s124md306_06/project_cn/processed_gcms/第1轮/4/4_p0.png,0,0.035082478,0
/media/ntu/volume1/home/s124md306_06/project_cn/data/第3轮/59/IMG_6973.jpg,/media/ntu/volume1/home/s124md306_06/project_cn/processed_gcms/第3轮/59/59_p1.png,1,6.558967e-05,0
/media/ntu/volume1/home/s124md306_06/project_cn/data/第3轮/52/IMG_6951.jpg,/media/ntu/volume1/home/s124md306_06/project_cn/processed_gcms/第3轮/52/52_p1.png,1,0.67098457,0
/media/ntu/volume1/home/s124md306_06/project_cn/data/第2轮/39/IMG_6928.jpg,/media/ntu/volume1/home/s124md306_06/project_cn/processed_gcms/第2轮/39/39-2_p0.png,1,0.3435804,0
/media/ntu/volume1/home/s124md306_06/project_cn/data/第2轮/32/IMG_6909.jpg,/media/ntu/volume1/home/s124md306_06/project_cn/processed_gcms/第1轮/8/8_p0.png,0,0.99973863,1
/media/ntu/volume1/home/s124md306_06/project_cn/data/第3轮/57/IMG_6967.jpg,/media/ntu/volume1/home/s124md306_06/project_cn/processed_gcms/第3轮/57/57_p1.png,1,0.0003934308,0
/media/ntu/volume1/home/s124md306_06/project_cn/data/第3轮/65/IMG_7001.jpg,/media/ntu/volume1/home/s124md306_06/project_cn/processed_gcms/第3轮/65/65_p0.png,1,0.029400114,0
/media/ntu/volume1/home/s124md306_06/project_cn/data/第1轮/6/微信图片_20240930124401.jpg,/media/ntu/volume1/home/s124md306_06/project_cn/processed_gcms/第1轮/6/6_p0.png,1,0.012308935,0
/media/ntu/volume1/home/s124md306_06/project_cn/data/第3轮/60/IMG_6975.jpg,/media/ntu/volume1/home/s124md306_06/project_cn/processed_gcms/第3轮/60/60_p1.png,1,0.016521242,0
/media/ntu/volume1/home/s124md306_06/project_cn/data/第2轮/35/IMG_6916.jpg,/media/ntu/volume1/home/s124md306_06/project_cn/processed_gcms/第2轮/37/37-2_p0.png,0,0.029924842,0
/media/ntu/volume1/home/s124md306_06/project_cn/data/第3轮/64/IMG_6998.jpg,/media/ntu/volume1/home/s124md306_06/project_cn/processed_gcms/第3轮/64/64_p0.png,1,0.52001053,0
/media/ntu/volume1/home/s124md306_06/project_cn/data/第1轮/12/微信图片_20240930124606.jpg,/media/ntu/volume1/home/s124md306_06/project_cn/processed_gcms/第1轮/7/7_p0.png,0,0.9999856,1
/media/ntu/volume1/home/s124md306_06/project_cn/data/第2轮/39/IMG_6927.jpg,/media/ntu/volume1/home/s124md306_06/project_cn/processed_gcms/第1轮/6/6_p0.png,0,8.056292e-05,0
/media/ntu/volume1/home/s124md306_06/project_cn/data/第1轮/1/微信图片_20240930124242.jpg,/media/ntu/volume1/home/s124md306_06/project_cn/processed_gcms/第1轮/1/1_p0.png,1,0.98463273,1
/media/ntu/volume1/home/s124md306_06/project_cn/data/第1轮/24/微信图片_20240930193436.jpg,/media/ntu/volume1/home/s124md306_06/project_cn/processed_gcms/第1轮/24/24_p0.png,1,0.52761453,0
/media/ntu/volume1/home/s124md306_06/project_cn/data/第2轮/39/IMG_6926.jpg,/media/ntu/volume1/home/s124md306_06/project_cn/processed_gcms/第2轮/39/39-2_p0.png,1,0.99997723,1
/media/ntu/volume1/home/s124md306_06/project_cn/data/第1轮/15/微信图片_20240930193057.jpg,/media/ntu/volume1/home/s124md306_06/project_cn/processed_gcms/第1轮/15/15_p0.png,1,0.9897552,1
/media/ntu/volume1/home/s124md306_06/project_cn/data/第1轮/4/微信图片_20240930124346.jpg,/media/ntu/volume1/home/s124md306_06/project_cn/processed_gcms/第1轮/4/4_p0.png,1,0.9241298,1
/media/ntu/volume1/home/s124md306_06/project_cn/data/第3轮/68/IMG_7010.jpg,/media/ntu/volume1/home/s124md306_06/project_cn/processed_gcms/第3轮/55/55_p0.png,0,0.99999,1
/media/ntu/volume1/home/s124md306_06/project_cn/data/第2轮/37/IMG_6922.jpg,/media/ntu/volume1/home/s124md306_06/project_cn/processed_gcms/第2轮/40/40_p0.png,0,0.999366,1
/media/ntu/volume1/home/s124md306_06/project_cn/data/第1轮/19/微信图片_20240930193228.jpg,/media/ntu/volume1/home/s124md306_06/project_cn/processed_gcms/第3轮/62/62_p1.png,0,0.777389,1
/media/ntu/volume1/home/s124md306_06/project_cn/data/第2轮/33/IMG_6911.jpg,/media/ntu/volume1/home/s124md306_06/project_cn/processed_gcms/第2轮/33/33-2_p0.png,1,0.9993806,1
/media/ntu/volume1/home/s124md306_06/project_cn/data/第1轮/1/微信图片_20240930124242.jpg,/media/ntu/volume1/home/s124md306_06/project_cn/processed_gcms/第3轮/65/65_p1.png,0,0.570532,0
/media/ntu/volume1/home/s124md306_06/project_cn/data/第3轮/63/IMG_6993.jpg,/media/ntu/volume1/home/s124md306_06/project_cn/processed_gcms/第3轮/63/63_p1.png,1,0.0036051834,0
/media/ntu/volume1/home/s124md306_06/project_cn/data/第3轮/57/IMG_6967.jpg,/media/ntu/volume1/home/s124md306_06/project_cn/processed_gcms/第1轮/8/8_p0.png,0,0.9968546,1
/media/ntu/volume1/home/s124md306_06/project_cn/data/第1轮/16/微信图片_20240930193122.jpg,/media/ntu/volume1/home/s124md306_06/project_cn/processed_gcms/第3轮/67/67_p1.png,0,0.00014325495,0
/media/ntu/volume1/home/s124md306_06/project_cn/data/第2轮/39/IMG_6927.jpg,/media/ntu/volume1/home/s124md306_06/project_cn/processed_gcms/第2轮/32/32_p0.png,0,0.91845965,1
/media/ntu/volume1/home/s124md306_06/project_cn/data/第3轮/60/IMG_6979.jpg,/media/ntu/volume1/home/s124md306_06/project_cn/processed_gcms/第3轮/61/61_p1.png,0,0.006778201,0
/media/ntu/volume1/home/s124md306_06/project_cn/data/第1轮/28/微信图片_20240930193627.jpg,/media/ntu/volume1/home/s124md306_06/project_cn/processed_gcms/第3轮/55/55_p0.png,0,0.0030331628,0
/media/ntu/volume1/home/s124md306_06/project_cn/data/第1轮/20/微信图片_20240930193249.jpg,/media/ntu/volume1/home/s124md306_06/project_cn/processed_gcms/第3轮/52/52_p0.png,0,0.93677056,1
/media/ntu/volume1/home/s124md306_06/project_cn/data/第3轮/67/IMG_7006.jpg,/media/ntu/volume1/home/s124md306_06/project_cn/processed_gcms/第1轮/6/6_p0.png,0,0.9999993,1
/media/ntu/volume1/home/s124md306_06/project_cn/data/第3轮/56/IMG_6965.jpg,/media/ntu/volume1/home/s124md306_06/project_cn/processed_gcms/第2轮/40/40-2_p0.png,0,4.4471373e-05,0
/media/ntu/volume1/home/s124md306_06/project_cn/data/第3轮/68/IMG_7009.jpg,/media/ntu/volume1/home/s124md306_06/project_cn/processed_gcms/第3轮/68/68_p1.png,1,0.0010843911,0
/media/ntu/volume1/home/s124md306_06/project_cn/data/第2轮/37/IMG_6922.jpg,/media/ntu/volume1/home/s124md306_06/project_cn/processed_gcms/第2轮/37/37-2_p1.png,1,0.986937,1
/media/ntu/volume1/home/s124md306_06/project_cn/data/第1轮/2/微信图片_20240930124300.jpg,/media/ntu/volume1/home/s124md306_06/project_cn/processed_gcms/第1轮/16/16_p0.png,0,0.9996182,1
/media/ntu/volume1/home/s124md306_06/project_cn/data/第3轮/60/IMG_6976.jpg,/media/ntu/volume1/home/s124md306_06/project_cn/processed_gcms/第3轮/60/60_p1.png,1,5.334747e-05,0
/media/ntu/volume1/home/s124md306_06/project_cn/data/第1轮/23/微信图片_20240930193355.jpg,/media/ntu/volume1/home/s124md306_06/project_cn/processed_gcms/第1轮/23/23_p0.png,1,0.029120462,0
/media/ntu/volume1/home/s124md306_06/project_cn/data/第3轮/57/IMG_6968.jpg,/media/ntu/volume1/home/s124md306_06/project_cn/processed_gcms/第3轮/64/64_p0.png,0,0.33910373,0
/media/ntu/volume1/home/s124md306_06/project_cn/data/第2轮/40/IMG_6929.jpg,/media/ntu/volume1/home/s124md306_06/project_cn/processed_gcms/第2轮/40/40_p0.png,1,0.18191166,0
/media/ntu/volume1/home/s124md306_06/project_cn/data/第1轮/19/微信图片_20240930193216.jpg,/media/ntu/volume1/home/s124md306_06/project_cn/processed_gcms/第1轮/19/19_p0.png,1,0.9998919,1
/media/ntu/volume1/home/s124md306_06/project_cn/data/第3轮/61/IMG_7015.jpg,/media/ntu/volume1/home/s124md306_06/project_cn/processed_gcms/第3轮/61/61_p0.png,1,0.99931264,1
/media/ntu/volume1/home/s124md306_06/project_cn/data/第2轮/37/IMG_6921.jpg,/media/ntu/volume1/home/s124md306_06/project_cn/processed_gcms/第3轮/62/62_p1.png,0,0.467994,0
/media/ntu/volume1/home/s124md306_06/project_cn/data/第1轮/22/微信图片_20240930193344.jpg,/media/ntu/volume1/home/s124md306_06/project_cn/processed_gcms/第1轮/22/22_p0.png,1,0.9947082,1
/media/ntu/volume1/home/s124md306_06/project_cn/data/第1轮/14/微信图片_20240930193048.jpg,/media/ntu/volume1/home/s124md306_06/project_cn/processed_gcms/第1轮/14/14_p0.png,1,3.5294698e-09,0
/media/ntu/volume1/home/s124md306_06/project_cn/data/第2轮/38/IMG_6924.jpg,/media/ntu/volume1/home/s124md306_06/project_cn/processed_gcms/第1轮/17/17_p0.png,0,0.9994357,1
/media/ntu/volume1/home/s124md306_06/project_cn/data/第2轮/34/IMG_6913.jpg,/media/ntu/volume1/home/s124md306_06/project_cn/processed_gcms/第1轮/26/26_p0.png,0,0.878445,1
/media/ntu/volume1/home/s124md306_06/project_cn/data/第2轮/33/IMG_6911.jpg,/media/ntu/volume1/home/s124md306_06/project_cn/processed_gcms/第2轮/33/33_p0.png,1,0.99976057,1
/media/ntu/volume1/home/s124md306_06/project_cn/data/第2轮/37/IMG_6920.jpg,/media/ntu/volume1/home/s124md306_06/project_cn/processed_gcms/第2轮/37/37_p0.png,1,0.69032097,0
/media/ntu/volume1/home/s124md306_06/project_cn/data/第3轮/65/IMG_7002.jpg,/media/ntu/volume1/home/s124md306_06/project_cn/processed_gcms/第3轮/65/65_p0.png,1,0.9994573,1
/media/ntu/volume1/home/s124md306_06/project_cn/data/第3轮/55/IMG_6961.jpg,/media/ntu/volume1/home/s124md306_06/project_cn/processed_gcms/第3轮/55/55_p0.png,1,0.84843975,1
/media/ntu/volume1/home/s124md306_06/project_cn/data/第3轮/65/IMG_6999.jpg,/media/ntu/volume1/home/s124md306_06/project_cn/processed_gcms/第2轮/38/38-2_p1.png,0,0.00011189417,0
/media/ntu/volume1/home/s124md306_06/project_cn/data/第2轮/38/IMG_6923.jpg,/media/ntu/volume1/home/s124md306_06/project_cn/processed_gcms/第2轮/38/38-2_p0.png,1,0.9952586,1
/media/ntu/volume1/home/s124md306_06/project_cn/data/第3轮/52/IMG_6951.jpg,/media/ntu/volume1/home/s124md306_06/project_cn/processed_gcms/第3轮/61/61_p1.png,0,0.67098457,0
/media/ntu/volume1/home/s124md306_06/project_cn/data/第3轮/62/IMG_6989.jpg,/media/ntu/volume1/home/s124md306_06/project_cn/processed_gcms/第3轮/62/62_p1.png,1,9.567558e-05,0
/media/ntu/volume1/home/s124md306_06/project_cn/data/第3轮/68/IMG_7009.jpg,/media/ntu/volume1/home/s124md306_06/project_cn/processed_gcms/第1轮/22/22_p0.png,0,0.06839521,0
/media/ntu/volume1/home/s124md306_06/project_cn/data/第3轮/61/IMG_7013.jpg,/media/ntu/volume1/home/s124md306_06/project_cn/processed_gcms/第1轮/3/3_p0.png,0,0.00018881347,0
/media/ntu/volume1/home/s124md306_06/project_cn/data/第3轮/56/IMG_6963.jpg,/media/ntu/volume1/home/s124md306_06/project_cn/processed_gcms/第3轮/56/56_p0.png,1,0.02085907,0
/media/ntu/volume1/home/s124md306_06/project_cn/data/第1轮/13/微信图片_20240930193034.jpg,/media/ntu/volume1/home/s124md306_06/project_cn/processed_gcms/第1轮/13/13_p0.png,1,0.7951736,1
/media/ntu/volume1/home/s124md306_06/project_cn/data/第2轮/36/IMG_6918.jpg,/media/ntu/volume1/home/s124md306_06/project_cn/processed_gcms/第2轮/39/39-2_p1.png,0,0.0017631239,0
/media/ntu/volume1/home/s124md306_06/project_cn/data/第1轮/26/微信图片_20240930193519.jpg,/media/ntu/volume1/home/s124md306_06/project_cn/processed_gcms/第3轮/61/61_p0.png,0,0.9612411,1
/media/ntu/volume1/home/s124md306_06/project_cn/data/第3轮/58/IMG_6971.jpg,/media/ntu/volume1/home/s124md306_06/project_cn/processed_gcms/第3轮/58/58_p1.png,1,0.06254143,0
/media/ntu/volume1/home/s124md306_06/project_cn/data/第2轮/40/IMG_6929.jpg,/media/ntu/volume1/home/s124md306_06/project_cn/processed_gcms/第2轮/40/40-2_p0.png,1,0.13876627,0
/media/ntu/volume1/home/s124md306_06/project_cn/data/第2轮/36/IMG_6919.jpg,/media/ntu/volume1/home/s124md306_06/project_cn/processed_gcms/第2轮/36/36-2_p0.png,1,0.060539626,0
/media/ntu/volume1/home/s124md306_06/project_cn/data/第1轮/20/微信图片_20240930193238.jpg,/media/ntu/volume1/home/s124md306_06/project_cn/processed_gcms/第1轮/20/20_p0.png,1,0.99997747,1
/media/ntu/volume1/home/s124md306_06/project_cn/data/第3轮/67/IMG_7007.jpg,/media/ntu/volume1/home/s124md306_06/project_cn/processed_gcms/第1轮/9/9_p0.png,0,0.99258524,1
/media/ntu/volume1/home/s124md306_06/project_cn/data/第3轮/51/IMG_6948.jpg,/media/ntu/volume1/home/s124md306_06/project_cn/processed_gcms/第3轮/51/51_p1.png,1,0.1445113,0
/media/ntu/volume1/home/s124md306_06/project_cn/data/第2轮/39/IMG_6928.jpg,/media/ntu/volume1/home/s124md306_06/project_cn/processed_gcms/第2轮/39/39_p0.png,1,0.030083185,0
/media/ntu/volume1/home/s124md306_06/project_cn/data/第3轮/54/IMG_6958.jpg,/media/ntu/volume1/home/s124md306_06/project_cn/processed_gcms/第2轮/33/33-2_p0.png,0,0.0010752303,0
/media/ntu/volume1/home/s124md306_06/project_cn/data/第2轮/35/IMG_6917.jpg,/media/ntu/volume1/home/s124md306_06/project_cn/processed_gcms/第2轮/34/34_p0.png,0,0.63428587,0
/media/ntu/volume1/home/s124md306_06/project_cn/data/第3轮/54/IMG_6958.jpg,/media/ntu/volume1/home/s124md306_06/project_cn/processed_gcms/第2轮/38/38-2_p0.png,0,0.064277634,0
/media/ntu/volume1/home/s124md306_06/project_cn/data/第1轮/26/微信图片_20240930193524.jpg,/media/ntu/volume1/home/s124md306_06/project_cn/processed_gcms/第1轮/26/26_p1.png,1,0.6526142,0
/media/ntu/volume1/home/s124md306_06/project_cn/data/第3轮/57/IMG_6966.jpg,/media/ntu/volume1/home/s124md306_06/project_cn/processed_gcms/第3轮/57/57_p0.png,1,0.9602189,1
/media/ntu/volume1/home/s124md306_06/project_cn/data/第2轮/39/IMG_6928.jpg,/media/ntu/volume1/home/s124md306_06/project_cn/processed_gcms/第3轮/61/61_p0.png,0,0.09615051,0
/media/ntu/volume1/home/s124md306_06/project_cn/data/第2轮/38/IMG_6925.jpg,/media/ntu/volume1/home/s124md306_06/project_cn/processed_gcms/第2轮/38/38_p0.png,1,0.9987457,1
/media/ntu/volume1/home/s124md306_06/project_cn/data/第1轮/12/微信图片_20240930124616.jpg,/media/ntu/volume1/home/s124md306_06/project_cn/processed_gcms/第1轮/19/19_p0.png,0,0.9995864,1
/media/ntu/volume1/home/s124md306_06/project_cn/data/第2轮/31/IMG_6904.jpg,/media/ntu/volume1/home/s124md306_06/project_cn/processed_gcms/第3轮/54/54_p0.png,0,0.73469675,1
/media/ntu/volume1/home/s124md306_06/project_cn/data/第3轮/61/IMG_7015.jpg,/media/ntu/volume1/home/s124md306_06/project_cn/processed_gcms/第3轮/61/61_p1.png,1,0.95287085,1
/media/ntu/volume1/home/s124md306_06/project_cn/data/第3轮/58/IMG_6970.jpg,/media/ntu/volume1/home/s124md306_06/project_cn/processed_gcms/第3轮/58/58_p1.png,1,0.98353046,1
/media/ntu/volume1/home/s124md306_06/project_cn/data/第3轮/57/IMG_6966.jpg,/media/ntu/volume1/home/s124md306_06/project_cn/processed_gcms/第3轮/57/57_p1.png,1,0.000554578,0
/media/ntu/volume1/home/s124md306_06/project_cn/data/第3轮/61/IMG_7014.jpg,/media/ntu/volume1/home/s124md306_06/project_cn/processed_gcms/第3轮/61/61_p1.png,1,0.862153,1
/media/ntu/volume1/home/s124md306_06/project_cn/data/第3轮/61/IMG_7013.jpg,/media/ntu/volume1/home/s124md306_06/project_cn/processed_gcms/第3轮/61/61_p1.png,1,8.4802545e-05,0
/media/ntu/volume1/home/s124md306_06/project_cn/data/第1轮/23/微信图片_20240930193413.jpg,/media/ntu/volume1/home/s124md306_06/project_cn/processed_gcms/第1轮/23/23_p0.png,1,0.9774606,1
/media/ntu/volume1/home/s124md306_06/project_cn/data/第1轮/8/微信图片_20240930124456.jpg,/media/ntu/volume1/home/s124md306_06/project_cn/processed_gcms/第2轮/38/38_p0.png,0,0.96098787,1
/media/ntu/volume1/home/s124md306_06/project_cn/data/第3轮/65/IMG_6999.jpg,/media/ntu/volume1/home/s124md306_06/project_cn/processed_gcms/第3轮/65/65_p1.png,1,0.00011189417,0
/media/ntu/volume1/home/s124md306_06/project_cn/data/第2轮/31/IMG_6906.jpg,/media/ntu/volume1/home/s124md306_06/project_cn/processed_gcms/第2轮/31/31_p0.png,1,0.9992939,1
/media/ntu/volume1/home/s124md306_06/project_cn/data/第1轮/8/微信图片_20240930124451.jpg,/media/ntu/volume1/home/s124md306_06/project_cn/processed_gcms/第1轮/8/8_p0.png,1,0.37206456,0
/media/ntu/volume1/home/s124md306_06/project_cn/data/第2轮/33/IMG_6910.jpg,/media/ntu/volume1/home/s124md306_06/project_cn/processed_gcms/第2轮/39/39_p0.png,0,0.7232606,1
/media/ntu/volume1/home/s124md306_06/project_cn/data/第1轮/18/微信图片_20240930193149.jpg,/media/ntu/volume1/home/s124md306_06/project_cn/processed_gcms/第3轮/51/51_p1.png,0,0.8315849,1
/media/ntu/volume1/home/s124md306_06/project_cn/data/第1轮/19/微信图片_20240930193233.jpg,/media/ntu/volume1/home/s124md306_06/project_cn/processed_gcms/第1轮/4/4_p0.png,0,0.3643848,0
/media/ntu/volume1/home/s124md306_06/project_cn/data/第1轮/4/微信图片_20240930124356.jpg,/media/ntu/volume1/home/s124md306_06/project_cn/processed_gcms/第1轮/14/14_p0.png,0,0.99994504,1
/media/ntu/volume1/home/s124md306_06/project_cn/data/第2轮/37/IMG_6922.jpg,/media/ntu/volume1/home/s124md306_06/project_cn/processed_gcms/第2轮/37/37_p0.png,1,0.999997,1
/media/ntu/volume1/home/s124md306_06/project_cn/data/第2轮/37/IMG_6921.jpg,/media/ntu/volume1/home/s124md306_06/project_cn/processed_gcms/第1轮/27/27_p0.png,0,0.99382234,1
/media/ntu/volume1/home/s124md306_06/project_cn/data/第3轮/63/IMG_6993.jpg,/media/ntu/volume1/home/s124md306_06/project_cn/processed_gcms/第3轮/63/63_p0.png,1,0.68579125,0
/media/ntu/volume1/home/s124md306_06/project_cn/data/第3轮/54/IMG_6957.jpg,/media/ntu/volume1/home/s124md306_06/project_cn/processed_gcms/第3轮/54/54_p0.png,1,0.613871,0
/media/ntu/volume1/home/s124md306_06/project_cn/data/第2轮/38/IMG_6923.jpg,/media/ntu/volume1/home/s124md306_06/project_cn/processed_gcms/第2轮/38/38-2_p1.png,1,0.9939644,1
/media/ntu/volume1/home/s124md306_06/project_cn/data/第1轮/21/微信图片_20240930193320.jpg,/media/ntu/volume1/home/s124md306_06/project_cn/processed_gcms/第1轮/21/21_p0.png,1,0.0050071855,0
/media/ntu/volume1/home/s124md306_06/project_cn/data/第2轮/36/IMG_6918.jpg,/media/ntu/volume1/home/s124md306_06/project_cn/processed_gcms/第2轮/36/36_p0.png,1,0.035532065,0
/media/ntu/volume1/home/s124md306_06/project_cn/data/第2轮/33/IMG_6911.jpg,/media/ntu/volume1/home/s124md306_06/project_cn/processed_gcms/第3轮/66/66_p0.png,0,0.97342896,1
/media/ntu/volume1/home/s124md306_06/project_cn/data/第1轮/2/微信图片_20240930124306.jpg,/media/ntu/volume1/home/s124md306_06/project_cn/processed_gcms/第1轮/2/2_p0.png,1,0.76932305,1
/media/ntu/volume1/home/s124md306_06/project_cn/data/第1轮/16/微信图片_20240930193114.jpg,/media/ntu/volume1/home/s124md306_06/project_cn/processed_gcms/第1轮/16/16_p0.png,1,1.0,1
/media/ntu/volume1/home/s124md306_06/project_cn/data/第2轮/39/IMG_6926.jpg,/media/ntu/volume1/home/s124md306_06/project_cn/processed_gcms/第1轮/15/15_p0.png,0,0.9875448,1
/media/ntu/volume1/home/s124md306_06/project_cn/data/第3轮/63/IMG_6994.jpg,/media/ntu/volume1/home/s124md306_06/project_cn/processed_gcms/第1轮/26/26_p0.png,0,0.5038934,0
/media/ntu/volume1/home/s124md306_06/project_cn/data/第3轮/55/IMG_6962.jpg,/media/ntu/volume1/home/s124md306_06/project_cn/processed_gcms/第2轮/35/35_p0.png,0,0.15804796,0
/media/ntu/volume1/home/s124md306_06/project_cn/data/第1轮/9/微信图片_20240930124501.jpg,/media/ntu/volume1/home/s124md306_06/project_cn/processed_gcms/第1轮/9/9_p0.png,1,0.09948694,0
/media/ntu/volume1/home/s124md306_06/project_cn/data/第1轮/2/微信图片_20240930124252.jpg,/media/ntu/volume1/home/s124md306_06/project_cn/processed_gcms/第1轮/2/2_p0.png,1,0.99956506,1
/media/ntu/volume1/home/s124md306_06/project_cn/data/第1轮/26/微信图片_20240930193519.jpg,/media/ntu/volume1/home/s124md306_06/project_cn/processed_gcms/第1轮/26/26_p1.png,1,0.39646772,0
/media/ntu/volume1/home/s124md306_06/project_cn/data/第3轮/67/IMG_7006.jpg,/media/ntu/volume1/home/s124md306_06/project_cn/processed_gcms/第3轮/67/67_p1.png,1,0.5926056,0
/media/ntu/volume1/home/s124md306_06/project_cn/data/第1轮/8/微信图片_20240930124443.jpg,/media/ntu/volume1/home/s124md306_06/project_cn/processed_gcms/第1轮/8/8_p0.png,1,1.6892653e-08,0
/media/ntu/volume1/home/s124md306_06/project_cn/data/第1轮/12/微信图片_20240930124621.jpg,/media/ntu/volume1/home/s124md306_06/project_cn/processed_gcms/第1轮/12/12_p0.png,1,0.81887996,1
/media/ntu/volume1/home/s124md306_06/project_cn/data/第3轮/54/IMG_6957.jpg,/media/ntu/volume1/home/s124md306_06/project_cn/processed_gcms/第3轮/63/63_p1.png,0,0.00086594874,0
/media/ntu/volume1/home/s124md306_06/project_cn/data/第1轮/10/微信图片_20240930124537.jpg,/media/ntu/volume1/home/s124md306_06/project_cn/processed_gcms/第1轮/10/10_p0.png,1,0.7441171,1
/media/ntu/volume1/home/s124md306_06/project_cn/data/第1轮/12/微信图片_20240930124606.jpg,/media/ntu/volume1/home/s124md306_06/project_cn/processed_gcms/第1轮/12/12_p0.png,1,0.9814061,1
/media/ntu/volume1/home/s124md306_06/project_cn/data/第2轮/38/IMG_6924.jpg,/media/ntu/volume1/home/s124md306_06/project_cn/processed_gcms/第2轮/38/38-2_p0.png,1,0.053231444,0
/media/ntu/volume1/home/s124md306_06/project_cn/data/第1轮/21/微信图片_20240930193320.jpg,/media/ntu/volume1/home/s124md306_06/project_cn/processed_gcms/第3轮/63/63_p1.png,0,0.0007790835,0
/media/ntu/volume1/home/s124md306_06/project_cn/data/第3轮/65/IMG_7001.jpg,/media/ntu/volume1/home/s124md306_06/project_cn/processed_gcms/第3轮/65/65_p1.png,1,0.41918492,0
/media/ntu/volume1/home/s124md306_06/project_cn/data/第1轮/18/微信图片_20240930193149.jpg,/media/ntu/volume1/home/s124md306_06/project_cn/processed_gcms/第1轮/18/18_p0.png,1,0.99999046,1
/media/ntu/volume1/home/s124md306_06/project_cn/data/第3轮/54/IMG_6959.jpg,/media/ntu/volume1/home/s124md306_06/project_cn/processed_gcms/第3轮/54/54_p0.png,1,0.009800137,0
/media/ntu/volume1/home/s124md306_06/project_cn/data/第2轮/40/IMG_6933.jpg,/media/ntu/volume1/home/s124md306_06/project_cn/processed_gcms/第2轮/33/33_p0.png,0,0.4881774,0
/media/ntu/volume1/home/s124md306_06/project_cn/data/第2轮/40/IMG_6933.jpg,/media/ntu/volume1/home/s124md306_06/project_cn/processed_gcms/第2轮/40/40_p0.png,1,0.94642687,1
/media/ntu/volume1/home/s124md306_06/project_cn/data/第2轮/40/IMG_6929.jpg,/media/ntu/volume1/home/s124md306_06/project_cn/processed_gcms/第2轮/32/32_p0.png,0,0.93616915,1
/media/ntu/volume1/home/s124md306_06/project_cn/data/第1轮/20/微信图片_20240930193255.jpg,/media/ntu/volume1/home/s124md306_06/project_cn/processed_gcms/第3轮/51/51_p0.png,0,0.0072540264,0
/media/ntu/volume1/home/s124md306_06/project_cn/data/第1轮/21/微信图片_20240930193315.jpg,/media/ntu/volume1/home/s124md306_06/project_cn/processed_gcms/第1轮/21/21_p0.png,1,0.97747767,1
/media/ntu/volume1/home/s124md306_06/project_cn/data/第1轮/25/微信图片_20240930193500.jpg,/media/ntu/volume1/home/s124md306_06/project_cn/processed_gcms/第1轮/25/25_p0.png,1,0.41534758,0
/media/ntu/volume1/home/s124md306_06/project_cn/data/第2轮/33/IMG_6910.jpg,/media/ntu/volume1/home/s124md306_06/project_cn/processed_gcms/第1轮/19/19_p0.png,0,0.9543967,1
/media/ntu/volume1/home/s124md306_06/project_cn/data/第2轮/37/IMG_6922.jpg,/media/ntu/volume1/home/s124md306_06/project_cn/processed_gcms/第3轮/57/57_p1.png,0,0.986937,1
/media/ntu/volume1/home/s124md306_06/project_cn/data/第1轮/21/微信图片_20240930193259.jpg,/media/ntu/volume1/home/s124md306_06/project_cn/processed_gcms/第2轮/31/31_p0.png,0,0.87721324,1
/media/ntu/volume1/home/s124md306_06/project_cn/data/第1轮/9/微信图片_20240930124518.jpg,/media/ntu/volume1/home/s124md306_06/project_cn/processed_gcms/第1轮/9/9_p0.png,1,0.8908476,1
/media/ntu/volume1/home/s124md306_06/project_cn/data/第1轮/7/微信图片_20240930124432.jpg,/media/ntu/volume1/home/s124md306_06/project_cn/processed_gcms/第2轮/36/36-2_p1.png,0,0.56703836,0
/media/ntu/volume1/home/s124md306_06/project_cn/data/第2轮/36/IMG_6919.jpg,/media/ntu/volume1/home/s124md306_06/project_cn/processed_gcms/第2轮/36/36-2_p1.png,1,0.28450543,0
/media/ntu/volume1/home/s124md306_06/project_cn/data/第2轮/34/IMG_6915.jpg,/media/ntu/volume1/home/s124md306_06/project_cn/processed_gcms/第1轮/17/17_p0.png,0,0.89259547,1
/media/ntu/volume1/home/s124md306_06/project_cn/data/第3轮/62/IMG_6991.jpg,/media/ntu/volume1/home/s124md306_06/project_cn/processed_gcms/第3轮/51/51_p0.png,0,0.7780617,1
/media/ntu/volume1/home/s124md306_06/project_cn/data/第1轮/11/微信图片_20240930124601.jpg,/media/ntu/volume1/home/s124md306_06/project_cn/processed_gcms/第1轮/11/11_p0.png,1,0.99010265,1
/media/ntu/volume1/home/s124md306_06/project_cn/data/第1轮/6/微信图片_20240930124420.jpg,/media/ntu/volume1/home/s124md306_06/project_cn/processed_gcms/第1轮/6/6_p0.png,1,0.99993205,1
/media/ntu/volume1/home/s124md306_06/project_cn/data/第1轮/27/微信图片_20240930193549.jpg,/media/ntu/volume1/home/s124md306_06/project_cn/processed_gcms/第1轮/27/27_p0.png,1,0.98913926,1
/media/ntu/volume1/home/s124md306_06/project_cn/data/第1轮/22/微信图片_20240930193344.jpg,/media/ntu/volume1/home/s124md306_06/project_cn/processed_gcms/第3轮/51/51_p1.png,0,0.86974394,1
/media/ntu/volume1/home/s124md306_06/project_cn/data/第1轮/3/微信图片_20240930124311.jpg,/media/ntu/volume1/home/s124md306_06/project_cn/processed_gcms/第2轮/31/31_p0.png,0,0.9963714,1
/media/ntu/volume1/home/s124md306_06/project_cn/data/第1轮/28/微信图片_20240930193632.jpg,/media/ntu/volume1/home/s124md306_06/project_cn/processed_gcms/第1轮/8/8_p0.png,0,0.00046544152,0
/media/ntu/volume1/home/s124md306_06/project_cn/data/第2轮/35/IMG_6916.jpg,/media/ntu/volume1/home/s124md306_06/project_cn/processed_gcms/第2轮/35/35_p0.png,1,0.36962947,0
/media/ntu/volume1/home/s124md306_06/project_cn/data/第3轮/52/IMG_6952.jpg,/media/ntu/volume1/home/s124md306_06/project_cn/processed_gcms/第3轮/52/52_p1.png,1,0.07899498,0
/media/ntu/volume1/home/s124md306_06/project_cn/data/第1轮/14/微信图片_20240930193052.jpg,/media/ntu/volume1/home/s124md306_06/project_cn/processed_gcms/第2轮/37/37-2_p0.png,0,0.063258685,0
/media/ntu/volume1/home/s124md306_06/project_cn/data/第3轮/51/IMG_6950.jpg,/media/ntu/volume1/home/s124md306_06/project_cn/processed_gcms/第3轮/51/51_p1.png,1,0.056418963,0
/media/ntu/volume1/home/s124md306_06/project_cn/data/第3轮/60/IMG_6977.jpg,/media/ntu/volume1/home/s124md306_06/project_cn/processed_gcms/第3轮/67/67_p0.png,0,0.8608241,1
/media/ntu/volume1/home/s124md306_06/project_cn/data/第1轮/6/微信图片_20240930124401.jpg,/media/ntu/volume1/home/s124md306_06/project_cn/processed_gcms/第1轮/1/1_p0.png,0,0.020252604,0
/media/ntu/volume1/home/s124md306_06/project_cn/data/第2轮/33/IMG_6912.jpg,/media/ntu/volume1/home/s124md306_06/project_cn/processed_gcms/第2轮/35/35-2_p1.png,0,0.660301,0
/media/ntu/volume1/home/s124md306_06/project_cn/data/第1轮/21/微信图片_20240930193259.jpg,/media/ntu/volume1/home/s124md306_06/project_cn/processed_gcms/第1轮/21/21_p0.png,1,0.86790496,1
/media/ntu/volume1/home/s124md306_06/project_cn/data/第1轮/6/微信图片_20240930124409.jpg,/media/ntu/volume1/home/s124md306_06/project_cn/processed_gcms/第1轮/1/1_p0.png,0,0.08923023,0
/media/ntu/volume1/home/s124md306_06/project_cn/data/第1轮/16/微信图片_20240930193126.jpg,/media/ntu/volume1/home/s124md306_06/project_cn/processed_gcms/第3轮/64/64_p1.png,0,0.0070811976,0
/media/ntu/volume1/home/s124md306_06/project_cn/data/第1轮/26/微信图片_20240930193524.jpg,/media/ntu/volume1/home/s124md306_06/project_cn/processed_gcms/第3轮/59/59_p1.png,0,0.6526142,0
/media/ntu/volume1/home/s124md306_06/project_cn/data/第3轮/56/IMG_6964.jpg,/media/ntu/volume1/home/s124md306_06/project_cn/processed_gcms/第3轮/58/58_p0.png,0,0.491416,0
/media/ntu/volume1/home/s124md306_06/project_cn/data/第1轮/15/微信图片_20240930193109.jpg,/media/ntu/volume1/home/s124md306_06/project_cn/processed_gcms/第1轮/15/15_p0.png,1,0.6134331,0
/media/ntu/volume1/home/s124md306_06/project_cn/data/第2轮/39/IMG_6927.jpg,/media/ntu/volume1/home/s124md306_06/project_cn/processed_gcms/第2轮/39/39-2_p1.png,1,0.8428801,1
/media/ntu/volume1/home/s124md306_06/project_cn/data/第3轮/63/IMG_6992.jpg,/media/ntu/volume1/home/s124md306_06/project_cn/processed_gcms/第3轮/60/60_p1.png,0,2.1521354e-11,0
/media/ntu/volume1/home/s124md306_06/project_cn/data/第1轮/19/微信图片_20240930193216.jpg,/media/ntu/volume1/home/s124md306_06/project_cn/processed_gcms/第3轮/61/61_p1.png,0,0.8607482,1
/media/ntu/volume1/home/s124md306_06/project_cn/data/第3轮/64/IMG_6995.jpg,/media/ntu/volume1/home/s124md306_06/project_cn/processed_gcms/第2轮/39/39_p0.png,0,0.00013289967,0
/media/ntu/volume1/home/s124md306_06/project_cn/data/第2轮/36/IMG_6918.jpg,/media/ntu/volume1/home/s124md306_06/project_cn/processed_gcms/第2轮/36/36-2_p1.png,1,0.0017631239,0
/media/ntu/volume1/home/s124md306_06/project_cn/data/第2轮/37/IMG_6920.jpg,/media/ntu/volume1/home/s124md306_06/project_cn/processed_gcms/第2轮/37/37-2_p1.png,1,0.00739921,0
/media/ntu/volume1/home/s124md306_06/project_cn/data/第3轮/65/IMG_7001.jpg,/media/ntu/volume1/home/s124md306_06/project_cn/processed_gcms/第1轮/24/24_p0.png,0,0.69951904,0
/media/ntu/volume1/home/s124md306_06/project_cn/data/第2轮/37/IMG_6922.jpg,/media/ntu/volume1/home/s124md306_06/project_cn/processed_gcms/第2轮/36/36_p0.png,0,0.9999218,1
/media/ntu/volume1/home/s124md306_06/project_cn/data/第1轮/27/微信图片_20240930193529.jpg,/media/ntu/volume1/home/s124md306_06/project_cn/processed_gcms/第3轮/68/68_p0.png,0,0.0037003113,0
/media/ntu/volume1/home/s124md306_06/project_cn/data/第3轮/61/IMG_7013.jpg,/media/ntu/volume1/home/s124md306_06/project_cn/processed_gcms/第3轮/61/61_p0.png,1,0.09495548,0
/media/ntu/volume1/home/s124md306_06/project_cn/data/第3轮/64/IMG_6997.jpg,/media/ntu/volume1/home/s124md306_06/project_cn/processed_gcms/第3轮/64/64_p0.png,1,0.96030796,1
/media/ntu/volume1/home/s124md306_06/project_cn/data/第3轮/63/IMG_6992.jpg,/media/ntu/volume1/home/s124md306_06/project_cn/processed_gcms/第3轮/63/63_p1.png,1,2.1521354e-11,0
/media/ntu/volume1/home/s124md306_06/project_cn/data/第1轮/13/微信图片_20240930193015.jpg,/media/ntu/volume1/home/s124md306_06/project_cn/processed_gcms/第1轮/13/13_p0.png,1,0.99953794,1
/media/ntu/volume1/home/s124md306_06/project_cn/data/第3轮/59/IMG_6972.jpg,/media/ntu/volume1/home/s124md306_06/project_cn/processed_gcms/第1轮/6/6_p0.png,0,0.99999654,1
/media/ntu/volume1/home/s124md306_06/project_cn/data/第3轮/58/IMG_6971.jpg,/media/ntu/volume1/home/s124md306_06/project_cn/processed_gcms/第2轮/37/37-2_p1.png,0,0.06254143,0
/media/ntu/volume1/home/s124md306_06/project_cn/data/第3轮/67/IMG_7007.jpg,/media/ntu/volume1/home/s124md306_06/project_cn/processed_gcms/第3轮/67/67_p1.png,1,0.9942306,1
/media/ntu/volume1/home/s124md306_06/project_cn/data/第3轮/51/IMG_6949.jpg,/media/ntu/volume1/home/s124md306_06/project_cn/processed_gcms/第2轮/38/38-2_p1.png,0,0.038107537,0
/media/ntu/volume1/home/s124md306_06/project_cn/data/第2轮/39/IMG_6926.jpg,/media/ntu/volume1/home/s124md306_06/project_cn/processed_gcms/第2轮/38/38-2_p1.png,0,0.6514192,0
/media/ntu/volume1/home/s124md306_06/project_cn/data/第3轮/57/IMG_6968.jpg,/media/ntu/volume1/home/s124md306_06/project_cn/processed_gcms/第3轮/57/57_p1.png,1,0.015920922,0
/media/ntu/volume1/home/s124md306_06/project_cn/data/第3轮/54/IMG_6959.jpg,/media/ntu/volume1/home/s124md306_06/project_cn/processed_gcms/第2轮/40/40-2_p0.png,0,0.0005878609,0
/media/ntu/volume1/home/s124md306_06/project_cn/data/第2轮/35/IMG_6917.jpg,/media/ntu/volume1/home/s124md306_06/project_cn/processed_gcms/第2轮/35/35-2_p0.png,1,0.77226555,1
/media/ntu/volume1/home/s124md306_06/project_cn/data/第1轮/27/微信图片_20240930193554.jpg,/media/ntu/volume1/home/s124md306_06/project_cn/processed_gcms/第1轮/27/27_p0.png,1,0.83208495,1
/media/ntu/volume1/home/s124md306_06/project_cn/data/第3轮/57/IMG_6968.jpg,/media/ntu/volume1/home/s124md306_06/project_cn/processed_gcms/第3轮/57/57_p0.png,1,0.66925246,0
/media/ntu/volume1/home/s124md306_06/project_cn/data/第1轮/13/微信图片_20240930193029.jpg,/media/ntu/volume1/home/s124md306_06/project_cn/processed_gcms/第3轮/61/61_p0.png,0,0.9583373,1
/media/ntu/volume1/home/s124md306_06/project_cn/data/第3轮/59/IMG_6973.jpg,/media/ntu/volume1/home/s124md306_06/project_cn/processed_gcms/第2轮/38/38-2_p1.png,0,6.558967e-05,0
/media/ntu/volume1/home/s124md306_06/project_cn/data/第1轮/7/微信图片_20240930124437.jpg,/media/ntu/volume1/home/s124md306_06/project_cn/processed_gcms/第1轮/7/7_p0.png,1,0.99566805,1
/media/ntu/volume1/home/s124md306_06/project_cn/data/第3轮/61/IMG_7014.jpg,/media/ntu/volume1/home/s124md306_06/project_cn/processed_gcms/第3轮/51/51_p0.png,0,0.9412452,1
/media/ntu/volume1/home/s124md306_06/project_cn/data/第2轮/33/IMG_6911.jpg,/media/ntu/volume1/home/s124md306_06/project_cn/processed_gcms/第3轮/60/60_p1.png,0,0.99320096,1
/media/ntu/volume1/home/s124md306_06/project_cn/data/第2轮/35/IMG_6917.jpg,/media/ntu/volume1/home/s124md306_06/project_cn/processed_gcms/第2轮/35/35-2_p1.png,1,0.09445794,0
/media/ntu/volume1/home/s124md306_06/project_cn/data/第1轮/7/微信图片_20240930124432.jpg,/media/ntu/volume1/home/s124md306_06/project_cn/processed_gcms/第1轮/7/7_p0.png,1,0.99231684,1
/media/ntu/volume1/home/s124md306_06/project_cn/data/第2轮/39/IMG_6926.jpg,/media/ntu/volume1/home/s124md306_06/project_cn/processed_gcms/第2轮/39/39-2_p1.png,1,0.6514192,0
/media/ntu/volume1/home/s124md306_06/project_cn/data/第1轮/4/微信图片_20240930124352.jpg,/media/ntu/volume1/home/s124md306_06/project_cn/processed_gcms/第1轮/4/4_p0.png,1,0.97435045,1
/media/ntu/volume1/home/s124md306_06/project_cn/data/第3轮/55/IMG_6960.jpg,/media/ntu/volume1/home/s124md306_06/project_cn/processed_gcms/第3轮/55/55_p0.png,1,0.9905009,1
/media/ntu/volume1/home/s124md306_06/project_cn/data/第2轮/39/IMG_6928.jpg,/media/ntu/volume1/home/s124md306_06/project_cn/processed_gcms/第2轮/39/39-2_p1.png,1,4.1359133e-05,0
/media/ntu/volume1/home/s124md306_06/project_cn/data/第3轮/64/IMG_6997.jpg,/media/ntu/volume1/home/s124md306_06/project_cn/processed_gcms/第3轮/64/64_p1.png,1,0.21388105,0
/media/ntu/volume1/home/s124md306_06/project_cn/data/第3轮/60/IMG_6975.jpg,/media/ntu/volume1/home/s124md306_06/project_cn/processed_gcms/第3轮/60/60_p0.png,1,0.99933285,1
/media/ntu/volume1/home/s124md306_06/project_cn/data/第1轮/11/微信图片_20240930124543.jpg,/media/ntu/volume1/home/s124md306_06/project_cn/processed_gcms/第1轮/13/13_p0.png,0,0.00059210527,0
/media/ntu/volume1/home/s124md306_06/project_cn/data/第2轮/40/IMG_6934.jpg,/media/ntu/volume1/home/s124md306_06/project_cn/processed_gcms/第3轮/56/56_p0.png,0,0.012531131,0
/media/ntu/volume1/home/s124md306_06/project_cn/data/第3轮/64/IMG_6997.jpg,/media/ntu/volume1/home/s124md306_06/project_cn/processed_gcms/第1轮/22/22_p0.png,0,0.7119276,1
/media/ntu/volume1/home/s124md306_06/project_cn/data/第1轮/9/微信图片_20240930124501.jpg,/media/ntu/volume1/home/s124md306_06/project_cn/processed_gcms/第2轮/34/34-2_p0.png,0,0.9370915,1
/media/ntu/volume1/home/s124md306_06/project_cn/data/第1轮/10/微信图片_20240930124532.jpg,/media/ntu/volume1/home/s124md306_06/project_cn/processed_gcms/第1轮/10/10_p0.png,1,0.99991417,1
/media/ntu/volume1/home/s124md306_06/project_cn/data/第2轮/34/IMG_6915.jpg,/media/ntu/volume1/home/s124md306_06/project_cn/processed_gcms/第2轮/34/34_p0.png,1,0.23036017,0
/media/ntu/volume1/home/s124md306_06/project_cn/data/第2轮/32/IMG_6909.jpg,/media/ntu/volume1/home/s124md306_06/project_cn/processed_gcms/第2轮/32/32-2_p0.png,1,0.9932888,1
/media/ntu/volume1/home/s124md306_06/project_cn/data/第1轮/15/微信图片_20240930193105.jpg,/media/ntu/volume1/home/s124md306_06/project_cn/processed_gcms/第1轮/15/15_p0.png,1,0.9977689,1
/media/ntu/volume1/home/s124md306_06/project_cn/data/第2轮/35/IMG_6917.jpg,/media/ntu/volume1/home/s124md306_06/project_cn/processed_gcms/第2轮/35/35_p0.png,1,0.8421693,1
/media/ntu/volume1/home/s124md306_06/project_cn/data/第3轮/62/IMG_6991.jpg,/media/ntu/volume1/home/s124md306_06/project_cn/processed_gcms/第3轮/59/59_p1.png,0,0.21023238,0
/media/ntu/volume1/home/s124md306_06/project_cn/data/第3轮/57/IMG_6967.jpg,/media/ntu/volume1/home/s124md306_06/project_cn/processed_gcms/第3轮/64/64_p0.png,0,0.4163095,0
/media/ntu/volume1/home/s124md306_06/project_cn/data/第3轮/62/IMG_6990.jpg,/media/ntu/volume1/home/s124md306_06/project_cn/processed_gcms/第3轮/62/62_p1.png,1,0.0038019668,0
/media/ntu/volume1/home/s124md306_06/project_cn/data/第3轮/64/IMG_6998.jpg,/media/ntu/volume1/home/s124md306_06/project_cn/processed_gcms/第2轮/39/39-2_p1.png,0,0.00028400627,0
/media/ntu/volume1/home/s124md306_06/project_cn/data/第3轮/68/IMG_7009.jpg,/media/ntu/volume1/home/s124md306_06/project_cn/processed_gcms/第3轮/54/54_p1.png,0,0.0010843911,0
/media/ntu/volume1/home/s124md306_06/project_cn/data/第3轮/68/IMG_7010.jpg,/media/ntu/volume1/home/s124md306_06/project_cn/processed_gcms/第3轮/63/63_p1.png,0,0.98961055,1
/media/ntu/volume1/home/s124md306_06/project_cn/data/第2轮/32/IMG_6907.jpg,/media/ntu/volume1/home/s124md306_06/project_cn/processed_gcms/第2轮/32/32_p0.png,1,0.98745316,1
/media/ntu/volume1/home/s124md306_06/project_cn/data/第1轮/10/微信图片_20240930124523.jpg,/media/ntu/volume1/home/s124md306_06/project_cn/processed_gcms/第2轮/39/39-2_p0.png,0,0.66129637,0
/media/ntu/volume1/home/s124md306_06/project_cn/data/第3轮/58/IMG_6969.jpg,/media/ntu/volume1/home/s124md306_06/project_cn/processed_gcms/第2轮/36/36-2_p1.png,0,1.798551e-10,0
/media/ntu/volume1/home/s124md306_06/project_cn/data/第3轮/59/IMG_6973.jpg,/media/ntu/volume1/home/s124md306_06/project_cn/processed_gcms/第3轮/59/59_p0.png,1,0.5429097,0
/media/ntu/volume1/home/s124md306_06/project_cn/data/第3轮/64/IMG_6995.jpg,/media/ntu/volume1/home/s124md306_06/project_cn/processed_gcms/第3轮/62/62_p1.png,0,2.4240023e-06,0
/media/ntu/volume1/home/s124md306_06/project_cn/data/第3轮/61/IMG_7015.jpg,/media/ntu/volume1/home/s124md306_06/project_cn/processed_gcms/第1轮/18/18_p0.png,0,0.73675716,1
/media/ntu/volume1/home/s124md306_06/project_cn/data/第3轮/58/IMG_6969.jpg,/media/ntu/volume1/home/s124md306_06/project_cn/processed_gcms/第3轮/58/58_p1.png,1,1.798551e-10,0
/media/ntu/volume1/home/s124md306_06/project_cn/data/第1轮/28/微信图片_20240930193632.jpg,/media/ntu/volume1/home/s124md306_06/project_cn/processed_gcms/第1轮/28/28_p0.png,1,0.9999964,1
/media/ntu/volume1/home/s124md306_06/project_cn/data/第2轮/34/IMG_6914.jpg,/media/ntu/volume1/home/s124md306_06/project_cn/processed_gcms/第2轮/34/34_p0.png,1,0.0034185427,0
/media/ntu/volume1/home/s124md306_06/project_cn/data/第1轮/17/微信图片_20240930193132.jpg,/media/ntu/volume1/home/s124md306_06/project_cn/processed_gcms/第1轮/17/17_p0.png,1,0.8853841,1
/media/ntu/volume1/home/s124md306_06/project_cn/data/第3轮/64/IMG_6995.jpg,/media/ntu/volume1/home/s124md306_06/project_cn/processed_gcms/第3轮/64/64_p1.png,1,2.4240023e-06,0
/media/ntu/volume1/home/s124md306_06/project_cn/data/第3轮/59/IMG_6974.jpg,/media/ntu/volume1/home/s124md306_06/project_cn/processed_gcms/第1轮/19/19_p0.png,0,0.99999416,1
/media/ntu/volume1/home/s124md306_06/project_cn/data/第2轮/36/IMG_6919.jpg,/media/ntu/volume1/home/s124md306_06/project_cn/processed_gcms/第3轮/56/56_p0.png,0,0.0043873996,0
/media/ntu/volume1/home/s124md306_06/project_cn/data/第1轮/6/微信图片_20240930124409.jpg,/media/ntu/volume1/home/s124md306_06/project_cn/processed_gcms/第1轮/6/6_p0.png,1,0.84081197,1
/media/ntu/volume1/home/s124md306_06/project_cn/data/第1轮/3/微信图片_20240930124334.jpg,/media/ntu/volume1/home/s124md306_06/project_cn/processed_gcms/第1轮/3/3_p0.png,1,0.8522253,1
/media/ntu/volume1/home/s124md306_06/project_cn/data/第3轮/60/IMG_6975.jpg,/media/ntu/volume1/home/s124md306_06/project_cn/processed_gcms/第3轮/59/59_p0.png,0,0.99249566,1
/media/ntu/volume1/home/s124md306_06/project_cn/data/第3轮/56/IMG_6964.jpg,/media/ntu/volume1/home/s124md306_06/project_cn/processed_gcms/第3轮/56/56_p0.png,1,0.059813652,0
/media/ntu/volume1/home/s124md306_06/project_cn/data/第3轮/64/IMG_6996.jpg,/media/ntu/volume1/home/s124md306_06/project_cn/processed_gcms/第3轮/66/66_p0.png,0,0.004456737,0
/media/ntu/volume1/home/s124md306_06/project_cn/data/第1轮/5/微信图片_20240930193010.jpg,/media/ntu/volume1/home/s124md306_06/project_cn/processed_gcms/第2轮/40/40_p0.png,0,0.4642268,0
/media/ntu/volume1/home/s124md306_06/project_cn/data/第2轮/38/IMG_6924.jpg,/media/ntu/volume1/home/s124md306_06/project_cn/processed_gcms/第2轮/38/38-2_p1.png,1,0.026415467,0
/media/ntu/volume1/home/s124md306_06/project_cn/data/第3轮/53/IMG_6954.jpg,/media/ntu/volume1/home/s124md306_06/project_cn/processed_gcms/第3轮/60/60_p1.png,0,0.872297,1
/media/ntu/volume1/home/s124md306_06/project_cn/data/第1轮/20/微信图片_20240930193255.jpg,/media/ntu/volume1/home/s124md306_06/project_cn/processed_gcms/第1轮/20/20_p0.png,1,0.9998683,1
/media/ntu/volume1/home/s124md306_06/project_cn/data/第1轮/17/微信图片_20240930193145.jpg,/media/ntu/volume1/home/s124md306_06/project_cn/processed_gcms/第1轮/17/17_p0.png,1,0.21395406,0
/media/ntu/volume1/home/s124md306_06/project_cn/data/第1轮/5/微信图片_20240930193010.jpg,/media/ntu/volume1/home/s124md306_06/project_cn/processed_gcms/第1轮/5/5_p0.png,1,0.99831426,1
/media/ntu/volume1/home/s124md306_06/project_cn/data/第1轮/26/微信图片_20240930193524.jpg,/media/ntu/volume1/home/s124md306_06/project_cn/processed_gcms/第1轮/26/26_p0.png,1,0.98172504,1
/media/ntu/volume1/home/s124md306_06/project_cn/data/第3轮/62/IMG_6990.jpg,/media/ntu/volume1/home/s124md306_06/project_cn/processed_gcms/第1轮/22/22_p0.png,0,0.00035489988,0
/media/ntu/volume1/home/s124md306_06/project_cn/data/第3轮/58/IMG_6970.jpg,/media/ntu/volume1/home/s124md306_06/project_cn/processed_gcms/第2轮/38/38-2_p0.png,0,0.93893987,1
/media/ntu/volume1/home/s124md306_06/project_cn/data/第1轮/22/微信图片_20240930193349.jpg,/media/ntu/volume1/home/s124md306_06/project_cn/processed_gcms/第1轮/22/22_p0.png,1,0.98310167,1
/media/ntu/volume1/home/s124md306_06/project_cn/data/第3轮/51/IMG_6949.jpg,/media/ntu/volume1/home/s124md306_06/project_cn/processed_gcms/第3轮/51/51_p0.png,1,0.99594057,1
/media/ntu/volume1/home/s124md306_06/project_cn/data/第1轮/3/微信图片_20240930124319.jpg,/media/ntu/volume1/home/s124md306_06/project_cn/processed_gcms/第1轮/3/3_p0.png,1,0.9648376,1
/media/ntu/volume1/home/s124md306_06/project_cn/data/第1轮/23/微信图片_20240930193355.jpg,/media/ntu/volume1/home/s124md306_06/project_cn/processed_gcms/第3轮/64/64_p1.png,0,0.15810017,0
/media/ntu/volume1/home/s124md306_06/project_cn/data/第3轮/54/IMG_6957.jpg,/media/ntu/volume1/home/s124md306_06/project_cn/processed_gcms/第3轮/54/54_p1.png,1,0.00086594874,0
/media/ntu/volume1/home/s124md306_06/project_cn/data/第3轮/51/IMG_6948.jpg,/media/ntu/volume1/home/s124md306_06/project_cn/processed_gcms/第1轮/19/19_p0.png,0,0.9998716,1
/media/ntu/volume1/home/s124md306_06/project_cn/data/第2轮/33/IMG_6912.jpg,/media/ntu/volume1/home/s124md306_06/project_cn/processed_gcms/第2轮/33/33_p0.png,1,0.9819041,1
/media/ntu/volume1/home/s124md306_06/project_cn/data/第1轮/9/微信图片_20240930124508.jpg,/media/ntu/volume1/home/s124md306_06/project_cn/processed_gcms/第1轮/22/22_p0.png,0,0.9999137,1
/media/ntu/volume1/home/s124md306_06/project_cn/data/第1轮/26/微信图片_20240930193505.jpg,/media/ntu/volume1/home/s124md306_06/project_cn/processed_gcms/第1轮/26/26_p1.png,1,0.49812835,0
/media/ntu/volume1/home/s124md306_06/project_cn/data/第3轮/64/IMG_6998.jpg,/media/ntu/volume1/home/s124md306_06/project_cn/processed_gcms/第3轮/51/51_p1.png,0,0.00028400627,0
/media/ntu/volume1/home/s124md306_06/project_cn/data/第3轮/59/IMG_6974.jpg,/media/ntu/volume1/home/s124md306_06/project_cn/processed_gcms/第3轮/59/59_p0.png,1,0.84220266,1
/media/ntu/volume1/home/s124md306_06/project_cn/data/第1轮/1/微信图片_20240930124247.jpg,/media/ntu/volume1/home/s124md306_06/project_cn/processed_gcms/第1轮/1/1_p0.png,1,0.66885555,0
/media/ntu/volume1/home/s124md306_06/project_cn/data/第2轮/32/IMG_6907.jpg,/media/ntu/volume1/home/s124md306_06/project_cn/processed_gcms/第1轮/6/6_p0.png,0,0.95419645,1
/media/ntu/volume1/home/s124md306_06/project_cn/data/第2轮/40/IMG_6934.jpg,/media/ntu/volume1/home/s124md306_06/project_cn/processed_gcms/第1轮/14/14_p0.png,0,0.9999497,1
/media/ntu/volume1/home/s124md306_06/project_cn/data/第3轮/67/IMG_7006.jpg,/media/ntu/volume1/home/s124md306_06/project_cn/processed_gcms/第3轮/67/67_p0.png,1,0.23989739,0
/media/ntu/volume1/home/s124md306_06/project_cn/data/第3轮/54/IMG_6957.jpg,/media/ntu/volume1/home/s124md306_06/project_cn/processed_gcms/第2轮/37/37-2_p1.png,0,0.00086594874,0
/media/ntu/volume1/home/s124md306_06/project_cn/data/第1轮/16/微信图片_20240930193122.jpg,/media/ntu/volume1/home/s124md306_06/project_cn/processed_gcms/第1轮/16/16_p0.png,1,0.1203551,0
/media/ntu/volume1/home/s124md306_06/project_cn/data/第3轮/52/IMG_6953.jpg,/media/ntu/volume1/home/s124md306_06/project_cn/processed_gcms/第3轮/52/52_p1.png,1,0.01732798,0
/media/ntu/volume1/home/s124md306_06/project_cn/data/第3轮/52/IMG_6952.jpg,/media/ntu/volume1/home/s124md306_06/project_cn/processed_gcms/第1轮/21/21_p0.png,0,0.92796177,1
/media/ntu/volume1/home/s124md306_06/project_cn/data/第2轮/34/IMG_6915.jpg,/media/ntu/volume1/home/s124md306_06/project_cn/processed_gcms/第2轮/34/34-2_p0.png,1,0.047088496,0
/media/ntu/volume1/home/s124md306_06/project_cn/data/第1轮/16/微信图片_20240930193114.jpg,/media/ntu/volume1/home/s124md306_06/project_cn/processed_gcms/第2轮/38/38-2_p0.png,0,0.012069689,0
/media/ntu/volume1/home/s124md306_06/project_cn/data/第3轮/60/IMG_6979.jpg,/media/ntu/volume1/home/s124md306_06/project_cn/processed_gcms/第3轮/60/60_p1.png,1,0.006778201,0
/media/ntu/volume1/home/s124md306_06/project_cn/data/第2轮/40/IMG_6934.jpg,/media/ntu/volume1/home/s124md306_06/project_cn/processed_gcms/第2轮/40/40-2_p0.png,1,0.9902796,1
/media/ntu/volume1/home/s124md306_06/project_cn/data/第3轮/52/IMG_6952.jpg,/media/ntu/volume1/home/s124md306_06/project_cn/processed_gcms/第3轮/68/68_p1.png,0,0.07899498,0
/media/ntu/volume1/home/s124md306_06/project_cn/data/第3轮/57/IMG_6967.jpg,/media/ntu/volume1/home/s124md306_06/project_cn/processed_gcms/第3轮/57/57_p0.png,1,0.3666016,0
/media/ntu/volume1/home/s124md306_06/project_cn/data/第1轮/12/微信图片_20240930124621.jpg,/media/ntu/volume1/home/s124md306_06/project_cn/processed_gcms/第2轮/38/38-2_p1.png,0,0.7910606,1
/media/ntu/volume1/home/s124md306_06/project_cn/data/第2轮/40/IMG_6934.jpg,/media/ntu/volume1/home/s124md306_06/project_cn/processed_gcms/第2轮/40/40_p0.png,1,0.99294734,1
/media/ntu/volume1/home/s124md306_06/project_cn/data/第3轮/62/IMG_6991.jpg,/media/ntu/volume1/home/s124md306_06/project_cn/processed_gcms/第3轮/62/62_p0.png,1,0.9930148,1
/media/ntu/volume1/home/s124md306_06/project_cn/data/第3轮/68/IMG_7011.jpg,/media/ntu/volume1/home/s124md306_06/project_cn/processed_gcms/第2轮/32/32-2_p0.png,0,0.11418655,0
/media/ntu/volume1/home/s124md306_06/project_cn/data/第3轮/55/IMG_6960.jpg,/media/ntu/volume1/home/s124md306_06/project_cn/processed_gcms/第1轮/12/12_p0.png,0,0.39062515,0
/media/ntu/volume1/home/s124md306_06/project_cn/data/第3轮/64/IMG_6995.jpg,/media/ntu/volume1/home/s124md306_06/project_cn/processed_gcms/第3轮/64/64_p0.png,1,0.07717089,0
/media/ntu/volume1/home/s124md306_06/project_cn/data/第2轮/37/IMG_6921.jpg,/media/ntu/volume1/home/s124md306_06/project_cn/processed_gcms/第2轮/37/37-2_p0.png,1,0.99852246,1
/media/ntu/volume1/home/s124md306_06/project_cn/data/第3轮/65/IMG_7002.jpg,/media/ntu/volume1/home/s124md306_06/project_cn/processed_gcms/第2轮/38/38_p0.png,0,0.40845904,0
/media/ntu/volume1/home/s124md306_06/project_cn/data/第3轮/67/IMG_7006.jpg,/media/ntu/volume1/home/s124md306_06/project_cn/processed_gcms/第1轮/3/3_p0.png,0,0.6457934,0
/media/ntu/volume1/home/s124md306_06/project_cn/data/第3轮/53/IMG_6956.jpg,/media/ntu/volume1/home/s124md306_06/project_cn/processed_gcms/第3轮/53/53_p0.png,1,0.8364531,1
/media/ntu/volume1/home/s124md306_06/project_cn/data/第3轮/54/IMG_6959.jpg,/media/ntu/volume1/home/s124md306_06/project_cn/processed_gcms/第3轮/54/54_p1.png,1,6.1369365e-06,0
/media/ntu/volume1/home/s124md306_06/project_cn/data/第3轮/67/IMG_7007.jpg,/media/ntu/volume1/home/s124md306_06/project_cn/processed_gcms/第3轮/67/67_p0.png,1,0.9562773,1
/media/ntu/volume1/home/s124md306_06/project_cn/data/第3轮/61/IMG_7014.jpg,/media/ntu/volume1/home/s124md306_06/project_cn/processed_gcms/第3轮/68/68_p0.png,0,0.98570967,1
/media/ntu/volume1/home/s124md306_06/project_cn/data/第1轮/25/微信图片_20240930193500.jpg,/media/ntu/volume1/home/s124md306_06/project_cn/processed_gcms/第3轮/53/53_p0.png,0,0.9174165,1
/media/ntu/volume1/home/s124md306_06/project_cn/data/第2轮/39/IMG_6926.jpg,/media/ntu/volume1/home/s124md306_06/project_cn/processed_gcms/第1轮/8/8_p0.png,0,0.00017090162,0
/media/ntu/volume1/home/s124md306_06/project_cn/data/第1轮/9/微信图片_20240930124513.jpg,/media/ntu/volume1/home/s124md306_06/project_cn/processed_gcms/第1轮/9/9_p0.png,1,0.5537614,0
/media/ntu/volume1/home/s124md306_06/project_cn/data/第3轮/60/IMG_6977.jpg,/media/ntu/volume1/home/s124md306_06/project_cn/processed_gcms/第3轮/60/60_p0.png,1,0.9748746,1
/media/ntu/volume1/home/s124md306_06/project_cn/data/第1轮/26/微信图片_20240930193505.jpg,/media/ntu/volume1/home/s124md306_06/project_cn/processed_gcms/第1轮/10/10_p0.png,0,0.9995285,1
/media/ntu/volume1/home/s124md306_06/project_cn/data/第2轮/31/IMG_6905.jpg,/media/ntu/volume1/home/s124md306_06/project_cn/processed_gcms/第2轮/31/31_p0.png,1,0.011464359,0
/media/ntu/volume1/home/s124md306_06/project_cn/data/第2轮/37/IMG_6921.jpg,/media/ntu/volume1/home/s124md306_06/project_cn/processed_gcms/第2轮/37/37-2_p1.png,1,0.467994,0
/media/ntu/volume1/home/s124md306_06/project_cn/data/第2轮/40/IMG_6933.jpg,/media/ntu/volume1/home/s124md306_06/project_cn/processed_gcms/第2轮/40/40-2_p0.png,1,0.92645335,1
/media/ntu/volume1/home/s124md306_06/project_cn/data/第3轮/63/IMG_6992.jpg,/media/ntu/volume1/home/s124md306_06/project_cn/processed_gcms/第1轮/27/27_p0.png,0,8.041521e-10,0
/media/ntu/volume1/home/s124md306_06/project_cn/data/第1轮/14/微信图片_20240930193048.jpg,/media/ntu/volume1/home/s124md306_06/project_cn/processed_gcms/第2轮/38/38_p0.png,0,5.1011448e-05,0
/media/ntu/volume1/home/s124md306_06/project_cn/data/第3轮/68/IMG_7010.jpg,/media/ntu/volume1/home/s124md306_06/project_cn/processed_gcms/第3轮/68/68_p1.png,1,0.98961055,1
/media/ntu/volume1/home/s124md306_06/project_cn/data/第3轮/58/IMG_6970.jpg,/media/ntu/volume1/home/s124md306_06/project_cn/processed_gcms/第3轮/58/58_p0.png,1,0.97751164,1
/media/ntu/volume1/home/s124md306_06/project_cn/data/第3轮/65/IMG_6999.jpg,/media/ntu/volume1/home/s124md306_06/project_cn/processed_gcms/第3轮/65/65_p0.png,1,0.9992588,1
/media/ntu/volume1/home/s124md306_06/project_cn/data/第3轮/60/IMG_6978.jpg,/media/ntu/volume1/home/s124md306_06/project_cn/processed_gcms/第3轮/60/60_p0.png,1,0.98521453,1
/media/ntu/volume1/home/s124md306_06/project_cn/data/第2轮/32/IMG_6907.jpg,/media/ntu/volume1/home/s124md306_06/project_cn/processed_gcms/第2轮/32/32-2_p0.png,1,0.99233633,1
/media/ntu/volume1/home/s124md306_06/project_cn/data/第1轮/5/微信图片_20240930193004.jpg,/media/ntu/volume1/home/s124md306_06/project_cn/processed_gcms/第1轮/17/17_p0.png,0,0.99999535,1
/media/ntu/volume1/home/s124md306_06/project_cn/data/第2轮/40/IMG_6933.jpg,/media/ntu/volume1/home/s124md306_06/project_cn/processed_gcms/第2轮/36/36_p0.png,0,0.82262653,1
/media/ntu/volume1/home/s124md306_06/project_cn/data/第3轮/60/IMG_6976.jpg,/media/ntu/volume1/home/s124md306_06/project_cn/processed_gcms/第2轮/35/35-2_p1.png,0,5.334747e-05,0
/media/ntu/volume1/home/s124md306_06/project_cn/data/第3轮/61/IMG_7015.jpg,/media/ntu/volume1/home/s124md306_06/project_cn/processed_gcms/第1轮/25/25_p0.png,0,0.48770234,0
/media/ntu/volume1/home/s124md306_06/project_cn/data/第2轮/38/IMG_6925.jpg,/media/ntu/volume1/home/s124md306_06/project_cn/processed_gcms/第2轮/38/38-2_p1.png,1,0.59614456,0
/media/ntu/volume1/home/s124md306_06/project_cn/data/第1轮/17/微信图片_20240930193139.jpg,/media/ntu/volume1/home/s124md306_06/project_cn/processed_gcms/第3轮/62/62_p0.png,0,0.9155445,1
/media/ntu/volume1/home/s124md306_06/project_cn/data/第2轮/37/IMG_6921.jpg,/media/ntu/volume1/home/s124md306_06/project_cn/processed_gcms/第2轮/37/37_p0.png,1,0.9978198,1
/media/ntu/volume1/home/s124md306_06/project_cn/data/第1轮/24/微信图片_20240930193436.jpg,/media/ntu/volume1/home/s124md306_06/project_cn/processed_gcms/第1轮/11/11_p0.png,0,0.9776692,1
/media/ntu/volume1/home/s124md306_06/project_cn/data/第2轮/34/IMG_6915.jpg,/media/ntu/volume1/home/s124md306_06/project_cn/processed_gcms/第1轮/4/4_p0.png,0,0.56360275,0
/media/ntu/volume1/home/s124md306_06/project_cn/data/第3轮/64/IMG_6996.jpg,/media/ntu/volume1/home/s124md306_06/project_cn/processed_gcms/第3轮/64/64_p0.png,1,0.5112823,0
/media/ntu/volume1/home/s124md306_06/project_cn/data/第3轮/53/IMG_6955.jpg,/media/ntu/volume1/home/s124md306_06/project_cn/processed_gcms/第1轮/26/26_p1.png,0,0.70657206,1
/media/ntu/volume1/home/s124md306_06/project_cn/data/第3轮/51/IMG_6950.jpg,/media/ntu/volume1/home/s124md306_06/project_cn/processed_gcms/第1轮/4/4_p0.png,0,0.3115725,0
/media/ntu/volume1/home/s124md306_06/project_cn/data/第3轮/66/IMG_7005.jpg,/media/ntu/volume1/home/s124md306_06/project_cn/processed_gcms/第3轮/52/52_p1.png,0,0.5107623,0
/media/ntu/volume1/home/s124md306_06/project_cn/data/第1轮/6/微信图片_20240930124415.jpg,/media/ntu/volume1/home/s124md306_06/project_cn/processed_gcms/第1轮/6/6_p0.png,1,0.0015249649,0
/media/ntu/volume1/home/s124md306_06/project_cn/data/第2轮/37/IMG_6920.jpg,/media/ntu/volume1/home/s124md306_06/project_cn/processed_gcms/第1轮/5/5_p0.png,0,1.1435809e-06,0
/media/ntu/volume1/home/s124md306_06/project_cn/data/第1轮/4/微信图片_20240930124339.jpg,/media/ntu/volume1/home/s124md306_06/project_cn/processed_gcms/第1轮/4/4_p0.png,1,0.9536807,1
/media/ntu/volume1/home/s124md306_06/project_cn/data/第3轮/58/IMG_6969.jpg,/media/ntu/volume1/home/s124md306_06/project_cn/processed_gcms/第2轮/35/35_p0.png,0,3.9111904e-07,0
/media/ntu/volume1/home/s124md306_06/project_cn/data/第1轮/19/微信图片_20240930193233.jpg,/media/ntu/volume1/home/s124md306_06/project_cn/processed_gcms/第1轮/19/19_p0.png,1,0.9998944,1
/media/ntu/volume1/home/s124md306_06/project_cn/data/第3轮/66/IMG_7005.jpg,/media/ntu/volume1/home/s124md306_06/project_cn/processed_gcms/第3轮/66/66_p0.png,1,0.30089864,0
/media/ntu/volume1/home/s124md306_06/project_cn/data/第3轮/68/IMG_7010.jpg,/media/ntu/volume1/home/s124md306_06/project_cn/processed_gcms/第3轮/68/68_p0.png,1,0.8676483,1
/media/ntu/volume1/home/s124md306_06/project_cn/data/第1轮/21/微信图片_20240930193315.jpg,/media/ntu/volume1/home/s124md306_06/project_cn/processed_gcms/第1轮/8/8_p0.png,0,0.99873465,1
/media/ntu/volume1/home/s124md306_06/project_cn/data/第1轮/5/微信图片_20240930192955.jpg,/media/ntu/volume1/home/s124md306_06/project_cn/processed_gcms/第1轮/5/5_p0.png,1,5.8120084e-05,0
/media/ntu/volume1/home/s124md306_06/project_cn/data/第2轮/32/IMG_6909.jpg,/media/ntu/volume1/home/s124md306_06/project_cn/processed_gcms/第2轮/39/39-2_p1.png,0,0.79607373,1
/media/ntu/volume1/home/s124md306_06/project_cn/data/第3轮/60/IMG_6975.jpg,/media/ntu/volume1/home/s124md306_06/project_cn/processed_gcms/第3轮/62/62_p1.png,0,0.016521242,0
/media/ntu/volume1/home/s124md306_06/project_cn/data/第1轮/15/微信图片_20240930193105.jpg,/media/ntu/volume1/home/s124md306_06/project_cn/processed_gcms/第1轮/7/7_p0.png,0,0.9999504,1
/media/ntu/volume1/home/s124md306_06/project_cn/data/第1轮/18/微信图片_20240930193211.jpg,/media/ntu/volume1/home/s124md306_06/project_cn/processed_gcms/第1轮/18/18_p0.png,1,0.9999614,1
/media/ntu/volume1/home/s124md306_06/project_cn/data/第1轮/4/微信图片_20240930124339.jpg,/media/ntu/volume1/home/s124md306_06/project_cn/processed_gcms/第1轮/8/8_p0.png,0,0.9995254,1
/media/ntu/volume1/home/s124md306_06/project_cn/data/第1轮/11/微信图片_20240930124601.jpg,/media/ntu/volume1/home/s124md306_06/project_cn/processed_gcms/第1轮/6/6_p0.png,0,0.9999796,1
/media/ntu/volume1/home/s124md306_06/project_cn/data/第1轮/11/微信图片_20240930124556.jpg,/media/ntu/volume1/home/s124md306_06/project_cn/processed_gcms/第1轮/11/11_p0.png,1,0.9981766,1
/media/ntu/volume1/home/s124md306_06/project_cn/data/第3轮/59/IMG_6974.jpg,/media/ntu/volume1/home/s124md306_06/project_cn/processed_gcms/第3轮/65/65_p0.png,0,0.07948893,0
/media/ntu/volume1/home/s124md306_06/project_cn/data/第2轮/39/IMG_6928.jpg,/media/ntu/volume1/home/s124md306_06/project_cn/processed_gcms/第2轮/36/36-2_p0.png,0,0.06565427,0
/media/ntu/volume1/home/s124md306_06/project_cn/data/第1轮/14/微信图片_20240930193039.jpg,/media/ntu/volume1/home/s124md306_06/project_cn/processed_gcms/第1轮/14/14_p0.png,1,0.0014693359,0
/media/ntu/volume1/home/s124md306_06/project_cn/data/第3轮/64/IMG_6996.jpg,/media/ntu/volume1/home/s124md306_06/project_cn/processed_gcms/第3轮/64/64_p1.png,1,0.010863774,0
/media/ntu/volume1/home/s124md306_06/project_cn/data/第2轮/34/IMG_6913.jpg,/media/ntu/volume1/home/s124md306_06/project_cn/processed_gcms/第3轮/57/57_p1.png,0,0.33597746,0
/media/ntu/volume1/home/s124md306_06/project_cn/data/第1轮/11/微信图片_20240930124551.jpg,/media/ntu/volume1/home/s124md306_06/project_cn/processed_gcms/第1轮/11/11_p0.png,1,0.99967873,1
/media/ntu/volume1/home/s124md306_06/project_cn/data/第2轮/35/IMG_6916.jpg,/media/ntu/volume1/home/s124md306_06/project_cn/processed_gcms/第2轮/35/35-2_p0.png,1,0.03139844,0
/media/ntu/volume1/home/s124md306_06/project_cn/data/第1轮/2/微信图片_20240930124252.jpg,/media/ntu/volume1/home/s124md306_06/project_cn/processed_gcms/第3轮/57/57_p0.png,0,0.99607074,1
/media/ntu/volume1/home/s124md306_06/project_cn/data/第3轮/68/IMG_7011.jpg,/media/ntu/volume1/home/s124md306_06/project_cn/processed_gcms/第3轮/68/68_p1.png,1,0.43385467,0
/media/ntu/volume1/home/s124md306_06/project_cn/data/第3轮/60/IMG_6976.jpg,/media/ntu/volume1/home/s124md306_06/project_cn/processed_gcms/第3轮/60/60_p0.png,1,0.7501858,1
/media/ntu/volume1/home/s124md306_06/project_cn/data/第1轮/24/微信图片_20240930193430.jpg,/media/ntu/volume1/home/s124md306_06/project_cn/processed_gcms/第1轮/6/6_p0.png,0,0.19141328,0
/media/ntu/volume1/home/s124md306_06/project_cn/data/第2轮/38/IMG_6924.jpg,/media/ntu/volume1/home/s124md306_06/project_cn/processed_gcms/第2轮/39/39-2_p0.png,0,0.9374983,1
/media/ntu/volume1/home/s124md306_06/project_cn/data/第1轮/7/微信图片_20240930124437.jpg,/media/ntu/volume1/home/s124md306_06/project_cn/processed_gcms/第2轮/36/36-2_p0.png,0,0.9993344,1
/media/ntu/volume1/home/s124md306_06/project_cn/data/第3轮/65/IMG_6999.jpg,/media/ntu/volume1/home/s124md306_06/project_cn/processed_gcms/第2轮/33/33-2_p0.png,0,0.00022884418,0
/media/ntu/volume1/home/s124md306_06/project_cn/data/第3轮/54/IMG_6958.jpg,/media/ntu/volume1/home/s124md306_06/project_cn/processed_gcms/第3轮/54/54_p0.png,1,0.4803964,0
/media/ntu/volume1/home/s124md306_06/project_cn/data/第2轮/31/IMG_6905.jpg,/media/ntu/volume1/home/s124md306_06/project_cn/processed_gcms/第3轮/63/63_p0.png,0,0.8872467,1
/media/ntu/volume1/home/s124md306_06/project_cn/data/第1轮/28/微信图片_20240930193627.jpg,/media/ntu/volume1/home/s124md306_06/project_cn/processed_gcms/第1轮/28/28_p0.png,1,0.9999995,1
/media/ntu/volume1/home/s124md306_06/project_cn/data/第3轮/63/IMG_6994.jpg,/media/ntu/volume1/home/s124md306_06/project_cn/processed_gcms/第3轮/63/63_p1.png,1,0.052163944,0
/media/ntu/volume1/home/s124md306_06/project_cn/data/第2轮/32/IMG_6908.jpg,/media/ntu/volume1/home/s124md306_06/project_cn/processed_gcms/第1轮/5/5_p0.png,0,0.99918514,1
/media/ntu/volume1/home/s124md306_06/project_cn/data/第3轮/62/IMG_6989.jpg,/media/ntu/volume1/home/s124md306_06/project_cn/processed_gcms/第1轮/5/5_p0.png,0,0.0016450619,0
/media/ntu/volume1/home/s124md306_06/project_cn/data/第1轮/8/微信图片_20240930124451.jpg,/media/ntu/volume1/home/s124md306_06/project_cn/processed_gcms/第3轮/62/62_p0.png,0,0.99284863,1
/media/ntu/volume1/home/s124md306_06/project_cn/data/第2轮/34/IMG_6913.jpg,/media/ntu/volume1/home/s124md306_06/project_cn/processed_gcms/第2轮/34/34_p0.png,1,0.11264429,0
/media/ntu/volume1/home/s124md306_06/project_cn/data/第1轮/18/微信图片_20240930193211.jpg,/media/ntu/volume1/home/s124md306_06/project_cn/processed_gcms/第3轮/56/56_p0.png,0,0.0028068428,0
/media/ntu/volume1/home/s124md306_06/project_cn/data/第1轮/22/微信图片_20240930193335.jpg,/media/ntu/volume1/home/s124md306_06/project_cn/processed_gcms/第2轮/37/37-2_p1.png,0,0.19314381,0
/media/ntu/volume1/home/s124md306_06/project_cn/data/第3轮/64/IMG_6997.jpg,/media/ntu/volume1/home/s124md306_06/project_cn/processed_gcms/第2轮/38/38_p0.png,0,0.7628952,1
/media/ntu/volume1/home/s124md306_06/project_cn/data/第3轮/68/IMG_7011.jpg,/media/ntu/volume1/home/s124md306_06/project_cn/processed_gcms/第3轮/68/68_p0.png,1,0.54979295,0
/media/ntu/volume1/home/s124md306_06/project_cn/data/第1轮/3/微信图片_20240930124319.jpg,/media/ntu/volume1/home/s124md306_06/project_cn/processed_gcms/第2轮/34/34-2_p0.png,0,0.9892007,1
/media/ntu/volume1/home/s124md306_06/project_cn/data/第2轮/38/IMG_6925.jpg,/media/ntu/volume1/home/s124md306_06/project_cn/processed_gcms/第1轮/10/10_p0.png,0,0.9553034,1
/media/ntu/volume1/home/s124md306_06/project_cn/data/第2轮/34/IMG_6914.jpg,/media/ntu/volume1/home/s124md306_06/project_cn/processed_gcms/第3轮/62/62_p1.png,0,0.048933797,0
/media/ntu/volume1/home/s124md306_06/project_cn/data/第2轮/32/IMG_6908.jpg,/media/ntu/volume1/home/s124md306_06/project_cn/processed_gcms/第2轮/32/32-2_p0.png,1,0.999959,1
/media/ntu/volume1/home/s124md306_06/project_cn/data/第2轮/37/IMG_6922.jpg,/media/ntu/volume1/home/s124md306_06/project_cn/processed_gcms/第2轮/37/37-2_p0.png,1,0.99999523,1
/media/ntu/volume1/home/s124md306_06/project_cn/data/第2轮/31/IMG_6904.jpg,/media/ntu/volume1/home/s124md306_06/project_cn/processed_gcms/第2轮/31/31-2_p0.png,1,0.012533006,0
/media/ntu/volume1/home/s124md306_06/project_cn/data/第1轮/11/微信图片_20240930124551.jpg,/media/ntu/volume1/home/s124md306_06/project_cn/processed_gcms/第3轮/57/57_p0.png,0,0.89552623,1
/media/ntu/volume1/home/s124md306_06/project_cn/data/第1轮/17/微信图片_20240930193132.jpg,/media/ntu/volume1/home/s124md306_06/project_cn/processed_gcms/第3轮/66/66_p0.png,0,0.0011175387,0
/media/ntu/volume1/home/s124md306_06/project_cn/data/第1轮/11/微信图片_20240930124543.jpg,/media/ntu/volume1/home/s124md306_06/project_cn/processed_gcms/第1轮/11/11_p0.png,1,0.99931407,1
/media/ntu/volume1/home/s124md306_06/project_cn/data/第3轮/63/IMG_6994.jpg,/media/ntu/volume1/home/s124md306_06/project_cn/processed_gcms/第3轮/63/63_p0.png,1,0.92986035,1
/media/ntu/volume1/home/s124md306_06/project_cn/data/第1轮/26/微信图片_20240930193505.jpg,/media/ntu/volume1/home/s124md306_06/project_cn/processed_gcms/第3轮/61/61_p0.png,0,0.29732463,0
/media/ntu/volume1/home/s124md306_06/project_cn/data/第2轮/32/IMG_6908.jpg,/media/ntu/volume1/home/s124md306_06/project_cn/processed_gcms/第2轮/32/32_p0.png,1,0.99974626,1
/media/ntu/volume1/home/s124md306_06/project_cn/data/第1轮/4/微信图片_20240930124352.jpg,/media/ntu/volume1/home/s124md306_06/project_cn/processed_gcms/第1轮/17/17_p0.png,0,0.8691243,1
/media/ntu/volume1/home/s124md306_06/project_cn/data/第1轮/13/微信图片_20240930193015.jpg,/media/ntu/volume1/home/s124md306_06/project_cn/processed_gcms/第2轮/32/32-2_p0.png,0,0.2976235,0
/media/ntu/volume1/home/s124md306_06/project_cn/data/第3轮/64/IMG_6998.jpg,/media/ntu/volume1/home/s124md306_06/project_cn/processed_gcms/第3轮/64/64_p1.png,1,0.00028400627,0
/media/ntu/volume1/home/s124md306_06/project_cn/data/第3轮/61/IMG_7013.jpg,/media/ntu/volume1/home/s124md306_06/project_cn/processed_gcms/第2轮/31/31_p0.png,0,4.284128e-09,0
/media/ntu/volume1/home/s124md306_06/project_cn/data/第2轮/31/IMG_6906.jpg,/media/ntu/volume1/home/s124md306_06/project_cn/processed_gcms/第3轮/54/54_p1.png,0,0.6703456,0
/media/ntu/volume1/home/s124md306_06/project_cn/data/第3轮/53/IMG_6956.jpg,/media/ntu/volume1/home/s124md306_06/project_cn/processed_gcms/第3轮/67/67_p0.png,0,0.3370327,0
/media/ntu/volume1/home/s124md306_06/project_cn/data/第2轮/34/IMG_6914.jpg,/media/ntu/volume1/home/s124md306_06/project_cn/processed_gcms/第3轮/57/57_p0.png,0,0.45129946,0
/media/ntu/volume1/home/s124md306_06/project_cn/data/第2轮/38/IMG_6923.jpg,/media/ntu/volume1/home/s124md306_06/project_cn/processed_gcms/第1轮/26/26_p1.png,0,0.9939644,1
/media/ntu/volume1/home/s124md306_06/project_cn/data/第2轮/37/IMG_6920.jpg,/media/ntu/volume1/home/s124md306_06/project_cn/processed_gcms/第2轮/37/37-2_p0.png,1,0.7522167,1
/media/ntu/volume1/home/s124md306_06/project_cn/data/第1轮/24/微信图片_20240930193419.jpg,/media/ntu/volume1/home/s124md306_06/project_cn/processed_gcms/第2轮/38/38_p0.png,0,0.9986846,1
/media/ntu/volume1/home/s124md306_06/project_cn/data/第1轮/3/微信图片_20240930124311.jpg,/media/ntu/volume1/home/s124md306_06/project_cn/processed_gcms/第1轮/3/3_p0.png,1,0.9976689,1
/media/ntu/volume1/home/s124md306_06/project_cn/data/第3轮/60/IMG_6977.jpg,/media/ntu/volume1/home/s124md306_06/project_cn/processed_gcms/第3轮/60/60_p1.png,1,0.017475938,0
/media/ntu/volume1/home/s124md306_06/project_cn/data/第1轮/26/微信图片_20240930193519.jpg,/media/ntu/volume1/home/s124md306_06/project_cn/processed_gcms/第1轮/21/21_p0.png,0,0.99790084,1
/media/ntu/volume1/home/s124md306_06/project_cn/data/第2轮/31/IMG_6905.jpg,/media/ntu/volume1/home/s124md306_06/project_cn/processed_gcms/第3轮/61/61_p1.png,0,0.3320968,0
/media/ntu/volume1/home/s124md306_06/project_cn/data/第2轮/32/IMG_6909.jpg,/media/ntu/volume1/home/s124md306_06/project_cn/processed_gcms/第2轮/32/32_p0.png,1,0.98393816,1
/media/ntu/volume1/home/s124md306_06/project_cn/data/第1轮/3/微信图片_20240930124334.jpg,/media/ntu/volume1/home/s124md306_06/project_cn/processed_gcms/第3轮/67/67_p0.png,0,0.13964583,0
/media/ntu/volume1/home/s124md306_06/project_cn/data/第3轮/63/IMG_6994.jpg,/media/ntu/volume1/home/s124md306_06/project_cn/processed_gcms/第1轮/25/25_p0.png,0,0.9160443,1
/media/ntu/volume1/home/s124md306_06/project_cn/data/第3轮/67/IMG_7008.jpg,/media/ntu/volume1/home/s124md306_06/project_cn/processed_gcms/第2轮/39/39-2_p1.png,0,0.006569095,0
/media/ntu/volume1/home/s124md306_06/project_cn/data/第2轮/36/IMG_6918.jpg,/media/ntu/volume1/home/s124md306_06/project_cn/processed_gcms/第3轮/55/55_p0.png,0,0.00014711187,0
/media/ntu/volume1/home/s124md306_06/project_cn/data/第1轮/23/微信图片_20240930193408.jpg,/media/ntu/volume1/home/s124md306_06/project_cn/processed_gcms/第1轮/23/23_p0.png,1,0.81354254,1
/media/ntu/volume1/home/s124md306_06/project_cn/data/第3轮/68/IMG_7009.jpg,/media/ntu/volume1/home/s124md306_06/project_cn/processed_gcms/第3轮/68/68_p0.png,1,0.2947993,0
/media/ntu/volume1/home/s124md306_06/project_cn/data/第2轮/36/IMG_6919.jpg,/media/ntu/volume1/home/s124md306_06/project_cn/processed_gcms/第2轮/38/38-2_p1.png,0,0.28450543,0
/media/ntu/volume1/home/s124md306_06/project_cn/data/第3轮/51/IMG_6950.jpg,/media/ntu/volume1/home/s124md306_06/project_cn/processed_gcms/第3轮/51/51_p0.png,1,0.73750764,1
/media/ntu/volume1/home/s124md306_06/project_cn/data/第3轮/60/IMG_6976.jpg,/media/ntu/volume1/home/s124md306_06/project_cn/processed_gcms/第2轮/32/32_p0.png,0,5.4619895e-06,0
/media/ntu/volume1/home/s124md306_06/project_cn/data/第1轮/23/微信图片_20240930193408.jpg,/media/ntu/volume1/home/s124md306_06/project_cn/processed_gcms/第2轮/37/37-2_p0.png,0,0.01336103,0
/media/ntu/volume1/home/s124md306_06/project_cn/data/第1轮/9/微信图片_20240930124518.jpg,/media/ntu/volume1/home/s124md306_06/project_cn/processed_gcms/第1轮/11/11_p0.png,0,0.9789065,1
/media/ntu/volume1/home/s124md306_06/project_cn/data/第2轮/35/IMG_6916.jpg,/media/ntu/volume1/home/s124md306_06/project_cn/processed_gcms/第3轮/58/58_p0.png,0,0.06477602,0
/media/ntu/volume1/home/s124md306_06/project_cn/data/第2轮/32/IMG_6908.jpg,/media/ntu/volume1/home/s124md306_06/project_cn/processed_gcms/第1轮/26/26_p1.png,0,0.98935497,1
/media/ntu/volume1/home/s124md306_06/project_cn/data/第1轮/19/微信图片_20240930193228.jpg,/media/ntu/volume1/home/s124md306_06/project_cn/processed_gcms/第1轮/19/19_p0.png,1,0.99858356,1
/media/ntu/volume1/home/s124md306_06/project_cn/data/第2轮/38/IMG_6924.jpg,/media/ntu/volume1/home/s124md306_06/project_cn/processed_gcms/第1轮/24/24_p0.png,0,0.17820995,0
/media/ntu/volume1/home/s124md306_06/project_cn/data/第3轮/56/IMG_6965.jpg,/media/ntu/volume1/home/s124md306_06/project_cn/processed_gcms/第3轮/56/56_p0.png,1,0.98300177,1
/media/ntu/volume1/home/s124md306_06/project_cn/data/第3轮/67/IMG_7008.jpg,/media/ntu/volume1/home/s124md306_06/project_cn/processed_gcms/第2轮/31/31-2_p0.png,0,0.99978954,1
/media/ntu/volume1/home/s124md306_06/project_cn/data/第1轮/28/微信图片_20240930193637.jpg,/media/ntu/volume1/home/s124md306_06/project_cn/processed_gcms/第1轮/28/28_p0.png,1,0.9999838,1
/media/ntu/volume1/home/s124md306_06/project_cn/data/第2轮/37/IMG_6920.jpg,/media/ntu/volume1/home/s124md306_06/project_cn/processed_gcms/第2轮/40/40_p0.png,0,5.5087752e-05,0
/media/ntu/volume1/home/s124md306_06/project_cn/data/第3轮/57/IMG_6966.jpg,/media/ntu/volume1/home/s124md306_06/project_cn/processed_gcms/第2轮/37/37-2_p1.png,0,0.000554578,0
/media/ntu/volume1/home/s124md306_06/project_cn/data/第1轮/20/微信图片_20240930193238.jpg,/media/ntu/volume1/home/s124md306_06/project_cn/processed_gcms/第3轮/62/62_p1.png,0,0.9290812,1
/media/ntu/volume1/home/s124md306_06/project_cn/data/第1轮/14/微信图片_20240930193039.jpg,/media/ntu/volume1/home/s124md306_06/project_cn/processed_gcms/第2轮/35/35-2_p1.png,0,7.1551253e-06,0
/media/ntu/volume1/home/s124md306_06/project_cn/data/第2轮/39/IMG_6927.jpg,/media/ntu/volume1/home/s124md306_06/project_cn/processed_gcms/第1轮/26/26_p1.png,0,0.8428801,1
/media/ntu/volume1/home/s124md306_06/project_cn/data/第1轮/2/微信图片_20240930124306.jpg,/media/ntu/volume1/home/s124md306_06/project_cn/processed_gcms/第3轮/51/51_p0.png,0,0.17387442,0
/media/ntu/volume1/home/s124md306_06/project_cn/data/第2轮/36/IMG_6919.jpg,/media/ntu/volume1/home/s124md306_06/project_cn/processed_gcms/第3轮/54/54_p1.png,0,0.28450543,0
/media/ntu/volume1/home/s124md306_06/project_cn/data/第3轮/57/IMG_6968.jpg,/media/ntu/volume1/home/s124md306_06/project_cn/processed_gcms/第3轮/61/61_p0.png,0,0.08397677,0
/media/ntu/volume1/home/s124md306_06/project_cn/data/第3轮/59/IMG_6973.jpg,/media/ntu/volume1/home/s124md306_06/project_cn/processed_gcms/第2轮/38/38-2_p0.png,0,0.049589608,0
/media/ntu/volume1/home/s124md306_06/project_cn/data/第3轮/65/IMG_7002.jpg,/media/ntu/volume1/home/s124md306_06/project_cn/processed_gcms/第3轮/65/65_p1.png,1,0.00024093398,0
/media/ntu/volume1/home/s124md306_06/project_cn/data/第3轮/51/IMG_6948.jpg,/media/ntu/volume1/home/s124md306_06/project_cn/processed_gcms/第3轮/66/66_p0.png,0,0.8012264,1
/media/ntu/volume1/home/s124md306_06/project_cn/data/第2轮/38/IMG_6923.jpg,/media/ntu/volume1/home/s124md306_06/project_cn/processed_gcms/第2轮/38/38_p0.png,1,0.99896705,1
/media/ntu/volume1/home/s124md306_06/project_cn/data/第2轮/37/IMG_6921.jpg,/media/ntu/volume1/home/s124md306_06/project_cn/processed_gcms/第1轮/18/18_p0.png,0,0.023163084,0
/media/ntu/volume1/home/s124md306_06/project_cn/data/第2轮/38/IMG_6925.jpg,/media/ntu/volume1/home/s124md306_06/project_cn/processed_gcms/第1轮/10/10_p0.png,0,0.9553034,1
/media/ntu/volume1/home/s124md306_06/project_cn/data/第3轮/63/IMG_6992.jpg,/media/ntu/volume1/home/s124md306_06/project_cn/processed_gcms/第3轮/63/63_p0.png,1,4.233533e-07,0
/media/ntu/volume1/home/s124md306_06/project_cn/data/第1轮/27/微信图片_20240930193554.jpg,/media/ntu/volume1/home/s124md306_06/project_cn/processed_gcms/第1轮/12/12_p0.png,0,0.6994023,0
/media/ntu/volume1/home/s124md306_06/project_cn/data/第2轮/36/IMG_6919.jpg,/media/ntu/volume1/home/s124md306_06/project_cn/processed_gcms/第2轮/36/36_p0.png,1,0.39257598,0
/media/ntu/volume1/home/s124md306_06/project_cn/data/第1轮/20/微信图片_20240930193249.jpg,/media/ntu/volume1/home/s124md306_06/project_cn/processed_gcms/第1轮/20/20_p0.png,1,0.9999608,1
/media/ntu/volume1/home/s124md306_06/project_cn/data/第2轮/38/IMG_6925.jpg,/media/ntu/volume1/home/s124md306_06/project_cn/processed_gcms/第1轮/10/10_p0.png,0,0.9553034,1
/media/ntu/volume1/home/s124md306_06/project_cn/data/第1轮/10/微信图片_20240930124523.jpg,/media/ntu/volume1/home/s124md306_06/project_cn/processed_gcms/第1轮/10/10_p0.png,1,0.9997117,1
/media/ntu/volume1/home/s124md306_06/project_cn/data/第3轮/66/IMG_7004.jpg,/media/ntu/volume1/home/s124md306_06/project_cn/processed_gcms/第2轮/37/37-2_p0.png,0,0.018313853,0
/media/ntu/volume1/home/s124md306_06/project_cn/data/第3轮/53/IMG_6954.jpg,/media/ntu/volume1/home/s124md306_06/project_cn/processed_gcms/第3轮/53/53_p0.png,1,0.98676455,1
/media/ntu/volume1/home/s124md306_06/project_cn/data/第3轮/66/IMG_7003.jpg,/media/ntu/volume1/home/s124md306_06/project_cn/processed_gcms/第3轮/66/66_p0.png,1,0.96688306,1
/media/ntu/volume1/home/s124md306_06/project_cn/data/第1轮/4/微信图片_20240930124346.jpg,/media/ntu/volume1/home/s124md306_06/project_cn/processed_gcms/第2轮/31/31_p0.png,0,0.684029,0
/media/ntu/volume1/home/s124md306_06/project_cn/data/第3轮/62/IMG_6989.jpg,/media/ntu/volume1/home/s124md306_06/project_cn/processed_gcms/第1轮/22/22_p0.png,0,7.169934e-05,0
/media/ntu/volume1/home/s124md306_06/project_cn/data/第2轮/39/IMG_6927.jpg,/media/ntu/volume1/home/s124md306_06/project_cn/processed_gcms/第2轮/39/39_p0.png,1,0.99315226,1
/media/ntu/volume1/home/s124md306_06/project_cn/data/第3轮/60/IMG_6978.jpg,/media/ntu/volume1/home/s124md306_06/project_cn/processed_gcms/第1轮/15/15_p0.png,0,0.02338734,0
/media/ntu/volume1/home/s124md306_06/project_cn/data/第1轮/25/微信图片_20240930193443.jpg,/media/ntu/volume1/home/s124md306_06/project_cn/processed_gcms/第1轮/9/9_p0.png,0,0.9679813,1
/media/ntu/volume1/home/s124md306_06/project_cn/data/第2轮/32/IMG_6907.jpg,/media/ntu/volume1/home/s124md306_06/project_cn/processed_gcms/第2轮/36/36-2_p1.png,0,0.7347423,1
/media/ntu/volume1/home/s124md306_06/project_cn/data/第2轮/35/IMG_6917.jpg,/media/ntu/volume1/home/s124md306_06/project_cn/processed_gcms/第2轮/31/31-2_p0.png,0,0.5287489,0
/media/ntu/volume1/home/s124md306_06/project_cn/data/第2轮/38/IMG_6923.jpg,/media/ntu/volume1/home/s124md306_06/project_cn/processed_gcms/第3轮/66/66_p0.png,0,0.54614025,0
/media/ntu/volume1/home/s124md306_06/project_cn/data/第1轮/4/微信图片_20240930124356.jpg,/media/ntu/volume1/home/s124md306_06/project_cn/processed_gcms/第1轮/4/4_p0.png,1,0.69681233,0
/media/ntu/volume1/home/s124md306_06/project_cn/data/第3轮/51/IMG_6949.jpg,/media/ntu/volume1/home/s124md306_06/project_cn/processed_gcms/第3轮/51/51_p1.png,1,0.038107537,0
/media/ntu/volume1/home/s124md306_06/project_cn/data/第1轮/17/微信图片_20240930193145.jpg,/media/ntu/volume1/home/s124md306_06/project_cn/processed_gcms/第2轮/36/36_p0.png,0,0.75343734,1
/media/ntu/volume1/home/s124md306_06/project_cn/data/第3轮/52/IMG_6952.jpg,/media/ntu/volume1/home/s124md306_06/project_cn/processed_gcms/第3轮/52/52_p0.png,1,0.9734605,1
/media/ntu/volume1/home/s124md306_06/project_cn/data/第1轮/6/微信图片_20240930124415.jpg,/media/ntu/volume1/home/s124md306_06/project_cn/processed_gcms/第2轮/35/35-2_p0.png,0,0.0043724175,0
/media/ntu/volume1/home/s124md306_06/project_cn/data/第1轮/12/微信图片_20240930124616.jpg,/media/ntu/volume1/home/s124md306_06/project_cn/processed_gcms/第1轮/12/12_p0.png,1,0.64590394,0
/media/ntu/volume1/home/s124md306_06/project_cn/data/第3轮/59/IMG_6972.jpg,/media/ntu/volume1/home/s124md306_06/project_cn/processed_gcms/第1轮/17/17_p0.png,0,0.99999905,1
/media/ntu/volume1/home/s124md306_06/project_cn/data/第2轮/34/IMG_6913.jpg,/media/ntu/volume1/home/s124md306_06/project_cn/processed_gcms/第2轮/34/34-2_p0.png,1,0.018051721,0
/media/ntu/volume1/home/s124md306_06/project_cn/data/第2轮/39/IMG_6927.jpg,/media/ntu/volume1/home/s124md306_06/project_cn/processed_gcms/第2轮/39/39-2_p0.png,1,0.99999154,1
/media/ntu/volume1/home/s124md306_06/project_cn/data/第1轮/26/微信图片_20240930193519.jpg,/media/ntu/volume1/home/s124md306_06/project_cn/processed_gcms/第1轮/26/26_p0.png,1,0.9121255,1
/media/ntu/volume1/home/s124md306_06/project_cn/data/第2轮/33/IMG_6910.jpg,/media/ntu/volume1/home/s124md306_06/project_cn/processed_gcms/第2轮/33/33-2_p0.png,1,0.99290985,1
/media/ntu/volume1/home/s124md306_06/project_cn/data/第3轮/51/IMG_6949.jpg,/media/ntu/volume1/home/s124md306_06/project_cn/processed_gcms/第2轮/36/36-2_p1.png,0,0.038107537,0
/media/ntu/volume1/home/s124md306_06/project_cn/data/第1轮/26/微信图片_20240930193524.jpg,/media/ntu/volume1/home/s124md306_06/project_cn/processed_gcms/第3轮/68/68_p0.png,0,0.7336723,1
/media/ntu/volume1/home/s124md306_06/project_cn/data/第2轮/31/IMG_6906.jpg,/media/ntu/volume1/home/s124md306_06/project_cn/processed_gcms/第2轮/40/40-2_p0.png,0,0.6964444,0
/media/ntu/volume1/home/s124md306_06/project_cn/data/第3轮/65/IMG_7002.jpg,/media/ntu/volume1/home/s124md306_06/project_cn/processed_gcms/第1轮/28/28_p0.png,0,0.0021486897,0
/media/ntu/volume1/home/s124md306_06/project_cn/data/第1轮/7/微信图片_20240930124424.jpg,/media/ntu/volume1/home/s124md306_06/project_cn/processed_gcms/第3轮/57/57_p1.png,0,0.00010661577,0
/media/ntu/volume1/home/s124md306_06/project_cn/data/第1轮/27/微信图片_20240930193529.jpg,/media/ntu/volume1/home/s124md306_06/project_cn/processed_gcms/第1轮/27/27_p0.png,1,0.8510555,1
/media/ntu/volume1/home/s124md306_06/project_cn/data/第1轮/25/微信图片_20240930193455.jpg,/media/ntu/volume1/home/s124md306_06/project_cn/processed_gcms/第1轮/25/25_p0.png,1,1.5994641e-09,0
/media/ntu/volume1/home/s124md306_06/project_cn/data/第2轮/35/IMG_6916.jpg,/media/ntu/volume1/home/s124md306_06/project_cn/processed_gcms/第2轮/35/35-2_p1.png,1,0.0004681036,0
/media/ntu/volume1/home/s124md306_06/project_cn/data/第3轮/64/IMG_6996.jpg,/media/ntu/volume1/home/s124md306_06/project_cn/processed_gcms/第1轮/20/20_p0.png,0,0.94776446,1
/media/ntu/volume1/home/s124md306_06/project_cn/data/第3轮/58/IMG_6971.jpg,/media/ntu/volume1/home/s124md306_06/project_cn/processed_gcms/第3轮/54/54_p0.png,0,0.9828818,1
/media/ntu/volume1/home/s124md306_06/project_cn/data/第2轮/34/IMG_6914.jpg,/media/ntu/volume1/home/s124md306_06/project_cn/processed_gcms/第2轮/34/34-2_p0.png,1,0.0005631751,0
/media/ntu/volume1/home/s124md306_06/project_cn/data/第1轮/22/微信图片_20240930193335.jpg,/media/ntu/volume1/home/s124md306_06/project_cn/processed_gcms/第1轮/22/22_p0.png,1,0.006042614,0
/media/ntu/volume1/home/s124md306_06/project_cn/data/第3轮/65/IMG_7001.jpg,/media/ntu/volume1/home/s124md306_06/project_cn/processed_gcms/第1轮/19/19_p0.png,0,0.9999993,1
/media/ntu/volume1/home/s124md306_06/project_cn/data/第3轮/59/IMG_6974.jpg,/media/ntu/volume1/home/s124md306_06/project_cn/processed_gcms/第3轮/59/59_p1.png,1,0.34855628,0
/media/ntu/volume1/home/s124md306_06/project_cn/data/第3轮/52/IMG_6953.jpg,/media/ntu/volume1/home/s124md306_06/project_cn/processed_gcms/第3轮/57/57_p1.png,0,0.01732798,0
/media/ntu/volume1/home/s124md306_06/project_cn/data/第1轮/18/微信图片_20240930193205.jpg,/media/ntu/volume1/home/s124md306_06/project_cn/processed_gcms/第3轮/68/68_p1.png,0,0.0037294393,0
/media/ntu/volume1/home/s124md306_06/project_cn/data/第3轮/60/IMG_6977.jpg,/media/ntu/volume1/home/s124md306_06/project_cn/processed_gcms/第2轮/31/31_p0.png,0,0.18735883,0
/media/ntu/volume1/home/s124md306_06/project_cn/data/第2轮/31/IMG_6904.jpg,/media/ntu/volume1/home/s124md306_06/project_cn/processed_gcms/第3轮/62/62_p1.png,0,0.64495945,0
/media/ntu/volume1/home/s124md306_06/project_cn/data/第1轮/1/微信图片_20240930124227.jpg,/media/ntu/volume1/home/s124md306_06/project_cn/processed_gcms/第1轮/1/1_p0.png,1,0.9999937,1
/media/ntu/volume1/home/s124md306_06/project_cn/data/第2轮/36/IMG_6918.jpg,/media/ntu/volume1/home/s124md306_06/project_cn/processed_gcms/第2轮/36/36-2_p0.png,1,0.9007004,1
/media/ntu/volume1/home/s124md306_06/project_cn/data/第1轮/9/微信图片_20240930124513.jpg,/media/ntu/volume1/home/s124md306_06/project_cn/processed_gcms/第2轮/39/39_p0.png,0,0.6797924,0
/media/ntu/volume1/home/s124md306_06/project_cn/data/第3轮/54/IMG_6958.jpg,/media/ntu/volume1/home/s124md306_06/project_cn/processed_gcms/第3轮/54/54_p1.png,1,0.0014500943,0
/media/ntu/volume1/home/s124md306_06/project_cn/data/第1轮/24/微信图片_20240930193430.jpg,/media/ntu/volume1/home/s124md306_06/project_cn/processed_gcms/第1轮/24/24_p0.png,1,0.9999651,1
/media/ntu/volume1/home/s124md306_06/project_cn/data/第3轮/58/IMG_6969.jpg,/media/ntu/volume1/home/s124md306_06/project_cn/processed_gcms/第3轮/58/58_p0.png,1,1.8253526e-06,0
/media/ntu/volume1/home/s124md306_06/project_cn/data/第1轮/10/微信图片_20240930124532.jpg,/media/ntu/volume1/home/s124md306_06/project_cn/processed_gcms/第3轮/67/67_p0.png,0,0.84068,1
/media/ntu/volume1/home/s124md306_06/project_cn/data/第3轮/67/IMG_7007.jpg,/media/ntu/volume1/home/s124md306_06/project_cn/processed_gcms/第3轮/63/63_p1.png,0,0.9942306,1
/media/ntu/volume1/home/s124md306_06/project_cn/data/第3轮/60/IMG_6978.jpg,/media/ntu/volume1/home/s124md306_06/project_cn/processed_gcms/第3轮/60/60_p1.png,1,0.0040007094,0
/media/ntu/volume1/home/s124md306_06/project_cn/data/第1轮/2/微信图片_20240930124300.jpg,/media/ntu/volume1/home/s124md306_06/project_cn/processed_gcms/第1轮/2/2_p0.png,1,0.9980732,1
